lost_id,num_matches,best_match,best_similarity
ca8e881a-025e-47bb-aabf-c81027bb8afd,5,0488fb12-45ee-4f13-b987-d84b69ae3c1b,0.9998133086542238
6bd20e5d-a60c-4bc6-821d-20b4a577f3ef,5,c9ef206d-0372-47c5-890a-0151207b63ef,0.9999488231800271
7834559b-55d2-41d0-99bc-a74f64bb699e,5,113238fe-f06a-4c69-b5b3-913df49dfd08,0.9999178650567413
a08f3be7-174f-4724-884d-bcd8c026d99f,5,9c3f2849-8c33-48eb-9126-69acdae0d072,0.9995699567937018
4c33173e-d915-439d-b68a-be1d6b7905ff,5,cd097df7-ef24-498b-bf51-7310e8022506,0.998708827222051
1b36d39d-00cf-46b5-adec-72d8a5b1857d,5,66d9f4eb-1c3c-4a7d-a1c9-1f660e05f7f0,0.9999024453614522
1b809494-637e-4869-a20f-b86431aec017,5,baf60096-21e8-4ef5-a9f8-0f3d0edb6232,0.9997114488093828
8409c89a-3389-4391-9e76-aa776f54ce80,5,aa31588d-3ea0-473c-8883-f23c931be154,0.9999187706743955
089c959c-578e-43b1-9e37-6bc8c6c00502,5,290650fb-f966-4e63-a368-4b1354a94aa7,0.9982103792757475
a56550aa-9898-487e-84e0-0e26758bfc38,5,40426b6f-020d-4d20-b3b0-6179a14adbec,0.9998267462581946
e3df8849-7ea9-4c01-b84b-8f73b0526396,5,f59ee977-623d-40a4-b814-f9ea4ff42408,0.9999409328571458
10a94a9d-a60b-4fd5-896b-57c9ab75a6e7,5,243358d7-9c86-41b0-89c7-783413094902,0.9984921315846563
0813a382-012b-4b45-8c6a-d3fbf94b9050,5,9c3f2849-8c33-48eb-9126-69acdae0d072,0.9996010150034789
bec4f401-6268-4659-a1de-25e9a6e73af7,5,b2cc5f9d-3955-49c5-99d7-b118c1260606,0.9999644002902456
a9606381-dfe5-40e3-a355-1bcf7f255a39,5,8ae28d66-28f4-4878-b6c7-f011722dba5e,0.9866754880651434
4c20eb57-2f8d-4130-bce3-2a6c7d4c50b3,5,245b04c7-52ea-4984-901f-4ad136d1610e,0.8730164335393299
f6d038d1-53ee-4cc5-8ff3-45cd35d94d6c,5,9c3f2849-8c33-48eb-9126-69acdae0d072,0.9997878090021663
9c628354-377d-4184-b85b-0eb9a370c5be,5,c9ef206d-0372-47c5-890a-0151207b63ef,0.999946696910964
da2244f8-7ecf-47da-baf6-0c40592529d4,5,4f6a0f1d-b1e9-4374-8844-1786711ce720,0.9989434929318775
f80d3c41-5f00-4605-8f47-4f49da808005,5,399f6dec-494d-4508-ba52-716a1b00baff,0.9999393321646797
ca0ef09a-f60c-4742-9a44-6fa761981a7b,5,baf60096-21e8-4ef5-a9f8-0f3d0edb6232,0.9997610574401783
9b663b2d-82e4-4ff3-9384-416fa7722242,5,16eb2fdf-f994-4ec3-98b4-0937032d2250,0.999954908248005
f66fa7dd-31b1-4a49-9577-d9822037d8a0,5,aa31588d-3ea0-473c-8883-f23c931be154,0.9999514848755215
24b31f4b-09f2-497a-a07e-59eb8bd430bd,5,381c3f9f-5e95-4765-942b-6972b236c59d,0.999919250117433
7dbbc37c-7ac5-4cd0-aa38-e7f2bc1ae072,5,f971275b-b8d7-4bb1-9368-66bb3bf43172,0.9999552184601207
a7793fb8-9eee-4f78-9d12-443e895a9934,5,9d29c276-cc2b-4dc7-8bb4-d57b1b740e06,0.9993288280990678
210331c0-6c0b-4330-b388-4a1cf0ab9d41,5,b2cc5f9d-3955-49c5-99d7-b118c1260606,0.9999699116012095
9cdac310-4576-4d49-8ead-a9c96150bd6d,5,66d9f4eb-1c3c-4a7d-a1c9-1f660e05f7f0,0.9999349914819842
b49bd3ca-fe22-4654-9ced-ff9d9761e00c,5,f971275b-b8d7-4bb1-9368-66bb3bf43172,0.9999456594570812
a37602cf-8227-4a2f-aefe-c061420253da,5,f692e2a1-7ea0-41d1-872a-dec8bb52d48b,0.9993047890756288
45d49ae6-107f-42f9-9f59-47a0c5d4efe2,5,381c3f9f-5e95-4765-942b-6972b236c59d,0.9998706931316155
0e248a4a-9bc9-482b-a3ae-6db4221290d9,5,8443f845-20b5-4adc-a4d7-12482972f7b4,0.9999556594632076
976a2b6b-2d51-4fc3-b31c-e3a2ee362bf5,5,feaa36f7-f529-434d-96aa-ff2c9f270c6e,0.9999393777027752
df91a802-8317-4f87-8f32-888915eb7c62,5,47f1831c-b546-4ca5-b163-ebce1a20d064,0.999949660858163
4768685d-9efa-4b5d-9baf-31bec2e9211f,5,d6846f3f-7f56-4241-b9d7-9a227fc9710b,0.9999709328784612
0cf9a218-576e-4719-8011-1c81592e258c,5,737a6afc-4699-4f0b-b3f9-ff605fab0cbf,0.9999231610102826
3bb1d991-ed5d-4088-bc85-1c444cb4b4b1,5,8ae28d66-28f4-4878-b6c7-f011722dba5e,0.9411034682018355
799e03c9-4475-441d-bd90-bc812cc9ec8b,5,f692e2a1-7ea0-41d1-872a-dec8bb52d48b,0.9985321520539291
c0b2d2c4-9d14-4aab-8ea9-fda7556600d5,5,72ea16df-6add-408b-9f73-98d1ae7054e5,0.998233202260247
a80edf48-7377-465e-af51-9eddeabe7f6b,5,399f6dec-494d-4508-ba52-716a1b00baff,0.9999420099690424
87b871c5-e49a-4a83-bef2-c8d06308b66f,5,66d9f4eb-1c3c-4a7d-a1c9-1f660e05f7f0,0.9999364623664683
c3a2a1dd-8282-44f1-b53e-237d1ae79f03,5,e21a8f97-acf4-4d10-a654-878573936c4d,0.9999526505185562
5596c45e-b0c9-4a77-952d-d10699799ee5,5,4ddb6c45-1cc9-48b9-8e04-318d1268ef1d,0.9999345516677025
4d9dd088-6c8d-4c10-ba1f-f6b7b8db779b,5,a935a7fd-3909-4618-83bb-5d63f2707a77,0.9998857405905888
9e708c29-a21d-4c30-b85c-dba51bdf73f5,5,737a6afc-4699-4f0b-b3f9-ff605fab0cbf,0.9999278005292237
72f106f6-7e56-49d6-9306-490c2d5fbe50,5,309cee03-8db7-434e-b0f7-66477d9b1707,0.9971434876914081
3ecf0501-f95d-4246-89cf-dfcc3165941d,5,f971275b-b8d7-4bb1-9368-66bb3bf43172,0.9999557865572415
7ead5e99-a697-4bed-8238-58e746a810e7,5,4a1c6c8f-7e0e-4797-8e15-36567863c913,0.9999218861893768
e7077a8e-051a-498e-85dc-b8c09907172a,5,58d4cf87-9419-440a-b310-c4e1f875016c,0.9998804228094328
14b84338-cb53-40f0-9179-ba813635b579,5,241d7e92-49f2-4a00-b63a-de14d4c575ee,0.9989013655824518
c34d093a-fc3a-48f8-aec0-4bfd133005f9,5,5b3c1a05-6932-41f6-b142-86dffa4f2f3d,0.9999113700132395
a89e0343-1dcc-4217-ae7e-1b8762d42120,5,309cee03-8db7-434e-b0f7-66477d9b1707,0.9983444518314903
402dbebd-9377-4f3b-9546-2678669e1c64,5,290650fb-f966-4e63-a368-4b1354a94aa7,0.9975043715453742
6c6b902c-6563-4f9e-a57c-99ab33025c18,5,241d7e92-49f2-4a00-b63a-de14d4c575ee,0.9987802496722653
982ed0f9-00b5-4dad-89a0-d05da1991b7b,5,bfeb63d2-5800-400b-8ea6-584081ac0424,0.9999664727581412
99c62cb3-5fc1-4ba9-a9ba-e6b6a8002511,5,243358d7-9c86-41b0-89c7-783413094902,0.996105350845716
d87769ce-e0c9-408c-addf-872c04b77ada,5,2c9fac38-e63a-4f6d-b504-dffc9de80e15,0.9951556623295859
23425117-fb00-4e4d-8b68-b9f82bb7f167,5,66d9f4eb-1c3c-4a7d-a1c9-1f660e05f7f0,0.9999582866838348
31ae3baa-10bb-477f-8e91-dd403fd57097,5,399f6dec-494d-4508-ba52-716a1b00baff,0.9999365195124368
84a9fbc1-97b2-4ffc-81c8-0e0e7eb1c94a,5,2c9fac38-e63a-4f6d-b504-dffc9de80e15,0.9790293975385168
847b4416-a8b0-41b6-8355-7ce4bc824fca,5,baf60096-21e8-4ef5-a9f8-0f3d0edb6232,0.999614571701663
0dd5c5a9-fb53-4acf-bb72-07fc111d5379,5,47c24867-2fd1-4455-a34d-3fe0965dcb1a,0.9999529757006049
d0b715bf-151e-45b0-8eeb-03b9f298fb80,5,0994b36b-d09d-4c0e-9cd1-f49d1a4b6780,0.9999485835580062
1fc9c2d7-4cee-4adb-bd98-33aa3913994a,5,f692e2a1-7ea0-41d1-872a-dec8bb52d48b,0.9993152846196462
0917fa35-539d-483a-800b-87f7d2b45920,5,113238fe-f06a-4c69-b5b3-913df49dfd08,0.9999089580577741
1ee18ae7-db0a-4c47-91c3-fd514510e447,5,4ddb6c45-1cc9-48b9-8e04-318d1268ef1d,0.9999604241820216
61841a6c-6fcb-464b-a21f-b5657816a06c,5,00a4327f-6816-47df-bc09-fc48f47e6e24,0.9999457619725701
5239573b-51bb-4343-9310-df4052c2be7d,5,d1a589b1-fb7a-4173-8f87-7a4151e0c388,0.9999693746281486
eec390d5-ba89-4c1b-a3f8-1e90858b8a28,5,b2cc5f9d-3955-49c5-99d7-b118c1260606,0.9999589389875314
f9cbb84a-a2f9-4173-b646-3e597f9013e1,5,9d29c276-cc2b-4dc7-8bb4-d57b1b740e06,0.9984830492373706
6d563da5-b529-4e48-9650-beb674e68351,5,df581096-2cca-43dd-8831-96fe2a33229d,0.9994297185626613
0117cf01-9ee2-4f5c-baf8-efbb65c8e232,5,d6846f3f-7f56-4241-b9d7-9a227fc9710b,0.9999525760733745
67721ea6-c3c7-4889-8856-27ba8d7b5b52,5,ada9e5c3-22a4-4a6e-8c95-3dafca98b5fd,0.9993046070094393
e7278fb1-16db-4190-9359-c6c0d107837f,5,d6846f3f-7f56-4241-b9d7-9a227fc9710b,0.9999446693653035
19a7339a-126d-425e-9889-0cad11ee4b5f,5,bd1a0743-00b7-4ec2-aaea-80f5680d4fbc,0.9999605227440089
cc38bf0e-a28d-4484-ab15-17a75bfbd1ee,5,b2cc5f9d-3955-49c5-99d7-b118c1260606,0.9999617750478119
27ebabb1-328f-4f81-a51c-62f51f6a529b,5,399f6dec-494d-4508-ba52-716a1b00baff,0.9999521145194645
e734edb6-2204-437c-997c-a2160b724d2f,5,5ab3fd8d-4a06-48d2-9e37-588da04ea1ff,0.9999780236810403
30d29b61-035a-4fe7-b164-fe6a6a69610b,5,399f6dec-494d-4508-ba52-716a1b00baff,0.9999489013399671
2cddb995-50e8-46db-b4ca-670e9061e1b2,5,feaa36f7-f529-434d-96aa-ff2c9f270c6e,0.9999448444517857
7f82abf8-2a81-4bb2-b6a8-1d1fe88d3b5f,5,e21a8f97-acf4-4d10-a654-878573936c4d,0.9999185156464092
07ac8727-b57e-4c1d-9f13-879e1b6e8558,5,40426b6f-020d-4d20-b3b0-6179a14adbec,0.9998472060361984
6031aabe-7a38-4618-8957-0517e9d752a5,5,fb472359-7427-4f1d-a7f0-bda7a4abfeb4,0.9998346985092683
7be5c822-555e-471f-bebc-9910f53ab0d6,5,6febcd9d-d84d-4184-8cf6-a06bc0a508f0,0.9993937707115601
f94bd8e9-4740-490b-a118-ca71141aef2e,5,9c9cac5c-d186-4769-949f-bed9c9ea5962,0.9988982317494853
e3d70679-b8b2-4721-85e2-4c535ffd50b6,5,9c9cac5c-d186-4769-949f-bed9c9ea5962,0.997576703151793
7dae8fa6-0e65-4554-91a0-2dae255ceaf7,5,9c9cac5c-d186-4769-949f-bed9c9ea5962,0.9982082282646048
9ba42e2d-e560-4b3e-91ec-4610ff183bd3,5,276c2de8-0d4e-4919-9b92-27e0bcd3ad99,0.9982483439585544
e2d325c5-1abb-4df2-8f76-e99cd523c6ab,5,68b7c3d1-928b-470f-aede-ec2c4594b732,0.993526704156041
dbaf00f1-6bd2-4c26-85ff-dc82f8de2005,5,9c9cac5c-d186-4769-949f-bed9c9ea5962,0.9978011481539631
f2933de1-8482-4531-873a-22353580478d,5,9c9cac5c-d186-4769-949f-bed9c9ea5962,0.996837244489404
1fe52378-3ca7-4e77-8bbb-864258c53f54,5,fb472359-7427-4f1d-a7f0-bda7a4abfeb4,0.99987575666058
bee0262c-aa8d-4f33-9ebf-877832e669ef,5,be2cf335-b616-4874-9139-735ab6cb881d,0.9990924198335402
5226f406-82dd-462a-81e3-77cd7bdf9f85,5,e17736ff-537d-4c04-884a-07e892c995c5,0.9999581628379308
ff424bad-1ec9-46df-8fe5-1273de228ce9,5,be2cf335-b616-4874-9139-735ab6cb881d,0.9996876188523561
f5f75b55-0bcd-4f6c-9a03-3a585cd44473,5,be2cf335-b616-4874-9139-735ab6cb881d,0.9975511862056783
df937a66-60a0-4021-8c23-e12080d3c187,5,c4ed421d-6d6a-4c32-be86-06ae049f46eb,0.9966055354878132
b3fbeb2a-a784-4ffc-93dc-93ce0d6d9a13,5,fa8eda79-b589-4295-9d04-4edbdaad77fa,0.9997704710459486
e7eccadd-2779-4f71-a3a1-ab474d7fa39c,5,459d223f-4947-4347-9777-8af907e6915e,0.9997563230212763
72765b47-2edd-47c5-9ad5-ac4cc3ee5e4a,5,c4ed421d-6d6a-4c32-be86-06ae049f46eb,0.9992361800698504
2387ab51-4f2c-4428-81a5-2a4772586c90,5,8d35ed4a-ccfe-4249-ba0c-8b9add968e27,0.9999086326081472
0a3ee44a-ca73-4dfa-bf2d-c2603e017f8b,5,c4ed421d-6d6a-4c32-be86-06ae049f46eb,0.998700669573573
0e5e3ea8-7bb9-488b-b225-37f852eb53a2,5,02f52048-ddea-4e45-991b-615496ae9c90,0.9996388299883782
7cbff30b-428e-47b2-9104-cc54c89f3927,5,80e79b8d-05b4-435d-8cf0-de08fd8d1cf3,0.9997927629551979
08c2999d-2b46-4931-8fe7-1a155e917dbd,5,70c77089-d071-40bf-aecb-e1c652332f23,0.999927108657628
5a00fbf3-d1f0-4b49-8931-8943e3e0ad36,5,72a6f453-2c85-4c3e-8de1-3c38fe10cebd,0.9998583614461152
df8c99ca-af2a-481c-a30c-8c2d66aae48a,5,4ec5775f-0478-4b4c-ae93-e5cb386bc90e,0.9999549008416019
c718716a-fef5-43b1-9717-07f3d95900dc,5,10c33c67-92d5-4a35-887c-b9b37d6630b8,0.9999157496685092
92d571ee-d462-4173-bcd6-28f93ae98bad,5,0c056294-a1b9-4ad7-9dfa-ee3ba98130db,0.9997466227645341
af586cca-10d6-4096-a831-d36133aa3ab1,5,2e92e13d-97a2-4712-a003-3189626a59f6,0.999953525249494
8dcc6ec4-b978-403d-8fcc-7608cc420d31,5,a89afbfc-c90e-4dd0-9aad-b973e71738ab,0.9999660021449019
db76f806-d110-4fa6-9bab-eb8e6a207a41,5,0c056294-a1b9-4ad7-9dfa-ee3ba98130db,0.9997019034632284
28fd3f1b-0a6f-4b3f-97c7-9e18b3cfeaaf,5,345205e7-caf1-4354-b3cc-e2c63d86ac6a,0.9999052750849726
e847d88f-bcb2-4728-9711-56c975d766a2,5,1f779a22-3563-40e0-8a34-7a5a15eea400,0.9998973307258495
c3ee6f69-0260-4887-9dd9-b7d48b4d9493,5,92632bfe-5710-427a-84fc-04ceec114c61,0.9999759833673358
61c4d485-246a-481c-94f3-b6509980bad5,5,c4ed421d-6d6a-4c32-be86-06ae049f46eb,0.998278788001058
f2b980f8-8e34-48af-938b-2501bd6df753,5,92632bfe-5710-427a-84fc-04ceec114c61,0.999963463721997
3b91608e-f81d-4d4d-a890-b1165fdc1d02,5,a89afbfc-c90e-4dd0-9aad-b973e71738ab,0.9999425554268986
77693356-7235-4961-ad13-4db808703b6e,5,8d35ed4a-ccfe-4249-ba0c-8b9add968e27,0.9995754546422206
706d6822-fa0b-4846-b57b-335cf1bc3241,5,2e92e13d-97a2-4712-a003-3189626a59f6,0.9999572038787647
ddaaee1f-f059-4411-9577-2e71762ca7d9,5,39c6df58-ad40-44d2-830f-c1e043a566b1,0.9852741502402355
2dde14de-7a0a-44c7-9917-64b781d56fd9,5,bd584bd3-032b-4fea-b17b-fe1a516ee994,0.9994283860970471
c835bbd3-c81f-40ca-8a29-6977eddffc3b,5,fa8eda79-b589-4295-9d04-4edbdaad77fa,0.9999160104226811
6bdcd72e-85a3-46e6-9782-0149cfa7b1df,5,bdeb28bc-d245-4506-954b-15d6a6693721,0.9999319903672477
83493ae1-cb42-4e38-820f-104d368d4e26,5,0a52a2d3-8c5a-4b06-90aa-3871a8c6d4b7,0.9998996977717847
0b7d79a1-d1d2-44de-9335-692efc2ec56f,5,e6315671-7f49-4feb-8475-c678b18a02a8,0.9999673003202175
1ffb9274-b8ff-4a29-ae2f-3bc218caf41c,5,39c6df58-ad40-44d2-830f-c1e043a566b1,0.9997416737078266
276c8a9a-a3c1-4923-b6d6-be5067375d49,5,0a52a2d3-8c5a-4b06-90aa-3871a8c6d4b7,0.9999673718742117
ee4d5fc6-de55-477b-9cb0-d7d434080ed8,5,4ec5775f-0478-4b4c-ae93-e5cb386bc90e,0.9998987666271665
34dd94bc-6d20-4da7-8e27-76f2b3375fba,5,39c6df58-ad40-44d2-830f-c1e043a566b1,0.9979272538539441
aa1cece5-0ca4-4844-a6ff-74e73de5bf50,5,0a52a2d3-8c5a-4b06-90aa-3871a8c6d4b7,0.9999615089491831
90fcc52d-9d30-4d27-9c79-b6651408bbca,5,d74a2826-184d-4dd1-bde6-745ff1d240b1,0.9997670785784487
f44a4fae-0db4-4f19-8edf-ba56fe4ddc33,5,2e92e13d-97a2-4712-a003-3189626a59f6,0.9999484607138429
2fbec7d0-4a19-4e7e-820b-06aa609c97c1,5,a89afbfc-c90e-4dd0-9aad-b973e71738ab,0.9999551693454792
26d11e4d-9717-48d8-bdc4-8e7a9b1fcb28,5,1f779a22-3563-40e0-8a34-7a5a15eea400,0.9999067248306291
cc9d420d-3f0f-408f-9795-eff8241f2b8e,5,f1b700ed-eba6-4cfc-b47f-3645e34a2450,0.9998617274008288
bd312504-ad17-4146-925a-510ea7424802,5,02f52048-ddea-4e45-991b-615496ae9c90,0.999586813818335
bf3e54c8-8e6f-4256-90fe-c34a608b4794,5,0a52a2d3-8c5a-4b06-90aa-3871a8c6d4b7,0.9999539247823488
d15a854f-a5da-4217-87d2-fa9a27cba1a2,5,c4ed421d-6d6a-4c32-be86-06ae049f46eb,0.9981388448052191
fef3af95-dac8-43c8-aea7-6adcde4bd8b6,5,80311d06-dbe2-4935-b202-677e32c97e52,0.9999452592998761
8b30005d-b57a-48da-9d9e-baf4356bf574,5,7e1d1020-4a7e-4e2e-abde-59754d5724db,0.9999482820623445
95d9b287-2d75-4e20-bdf5-efd82eb3fd7f,5,a89afbfc-c90e-4dd0-9aad-b973e71738ab,0.9999522616061114
8a51cb03-7a90-4196-a7f0-dbe8e3cdf386,5,92632bfe-5710-427a-84fc-04ceec114c61,0.9999489477646791
09b86e8b-c0ad-43f6-a607-c6e06c52bb49,5,2ca0f600-d31a-4bd3-a0c9-4856b03bec3d,0.9999082193659603
c530e9d6-6017-423d-9f6b-720b4b0c31a2,5,a89afbfc-c90e-4dd0-9aad-b973e71738ab,0.9999331886629571
2b0d8534-dd68-4877-8b72-eed9f3719ec4,5,9ff681b9-1502-4f25-89f0-5d069ad6cf75,0.999953657646395
dda72f10-ed71-47bb-8eac-8393a238e66d,5,39c6df58-ad40-44d2-830f-c1e043a566b1,0.9855660442365145
bc7da7d3-a250-479c-a1be-62f8329411e6,5,65bf8199-8c23-430a-a4dd-7503cb9ed249,0.9999696616621598
70c77a7e-f6c2-4202-a665-59b688bb1802,5,58312f4a-fa69-4e16-94e0-8d3ba432b9e0,0.9841843173978932
44fac47d-74b3-4da5-a7a6-5f363b5ed98c,5,cdaab7b0-05c2-4db2-9f5f-0000c986adb2,0.9993472990674254
2928dbd0-6ed7-4659-b1f2-e845aa4d3988,5,cdaab7b0-05c2-4db2-9f5f-0000c986adb2,0.9958668420058335
ac3dca16-26e1-4494-b0d6-1685ce81d809,5,e4361a85-104e-48e4-9deb-915b7e6c0e0a,0.9998082100337817
2c89484d-778b-411b-a7f2-d78b31832c4e,5,20d15033-0e35-44b2-bb67-7c2ffd80658e,0.9999071047382915
e2826cb9-8a15-49ea-9855-428b4166e936,5,e748e460-bfb3-494b-8526-5158b3f4cac6,0.9999377951928319
7e68197f-5188-4350-9a3c-4b1eadeed907,5,09e515d2-6f97-414a-a7f3-3cfc7f97f02d,0.9911818100640843
d008e92d-42a1-4108-9bd2-7553ec05ac23,5,a24dc449-13e8-4cac-a71e-8675c64fd4c3,0.9995644551671289
b87aeda8-277e-4f5e-aba6-28de961da4e6,5,d0d9f60d-73d9-43db-9e45-2c7d2fad925b,0.9994910756690606
7b1528f1-9d9c-4f55-86a8-217a009d98d6,5,6446ddd0-10b4-4617-b1fd-71eb29d6f6f7,0.9999067646123314
f0fd3e44-5ba8-4cab-8a02-7929529f6749,5,924979fd-78d6-49b5-8124-f0ab0197eb61,0.9955204601507494
1ac5cdeb-3a27-4983-8d72-4db7fcc2d032,5,81fb9d75-dbc2-47cb-a8ec-070bf8c536cb,0.9990422606242051
f6c44e0d-802a-4686-bb60-991f033ea766,5,6446ddd0-10b4-4617-b1fd-71eb29d6f6f7,0.9999364299902768
232b3aca-1479-4bf9-8773-cbb32276b421,5,84d0b890-9a7c-4ad6-8d05-c053626beed4,0.9999372526656702
775ea426-dd0f-481b-a62f-f1be7b33ff64,5,09e515d2-6f97-414a-a7f3-3cfc7f97f02d,0.9966604226300392
8833cd8e-38bc-4634-8b42-a94d72146f99,5,bb405a46-45ee-44d9-9014-4ed49f5249d7,0.9999078257243703
9a7cd02a-f887-4411-a0a8-1dc7c099ac26,5,bb405a46-45ee-44d9-9014-4ed49f5249d7,0.9998671522939686
634abecc-92b0-492d-b843-98b596945088,5,f47a0b8f-c823-4ed3-ab26-4ec4a0f80409,0.999909004582788
156756db-1e0b-44d0-ac4d-1aa954ae96b9,5,cdaab7b0-05c2-4db2-9f5f-0000c986adb2,0.9989208324645675
51ed2635-775f-4870-9f5c-0d43224e8d01,5,92817f31-95d1-4b8c-b5e1-e4f7fd3fcc37,0.9995071764303449
16303419-3b47-4a0e-b116-5b43df8dffdc,5,ea025888-d88f-4d4e-b6e4-ee3a91ebff3e,0.9999005190134671
4614b9eb-450c-425b-aaac-1f13ccc8ef30,5,99b8e6ac-039e-426f-869d-1d1a8803415b,0.9998541393078602
e1ae2372-ee84-4d5e-aeba-90fae094794f,5,bb405a46-45ee-44d9-9014-4ed49f5249d7,0.999924724682018
65342c98-5032-474b-a933-0543f2ec0590,5,d0d9f60d-73d9-43db-9e45-2c7d2fad925b,0.9997426418741451
a1feace4-be2d-41b4-93ae-c880d0162b7d,5,81fb9d75-dbc2-47cb-a8ec-070bf8c536cb,0.9980457073892374
212e5980-3bd1-4d96-87d8-3bf05f12936a,5,f067fe6e-41e7-46db-bfda-eac1cf83566e,0.9999217069015615
79238ad5-5425-4415-8c91-7e20e0d11ecc,5,bb405a46-45ee-44d9-9014-4ed49f5249d7,0.9999062777000293
9852f2ef-a0c1-4697-a5d6-b80a13d5b4d9,5,bb405a46-45ee-44d9-9014-4ed49f5249d7,0.9998692197269808
e016e376-da0e-40f4-ae78-3215974af621,5,f067fe6e-41e7-46db-bfda-eac1cf83566e,0.9999209929275084
a77343af-393d-4ac6-84b2-e0c779a4e246,5,5500f151-1a07-4e55-9e57-b088f1d550ca,0.9999449556766472
d5b660db-1d0a-4677-8e44-c575466a9e04,5,e748e460-bfb3-494b-8526-5158b3f4cac6,0.9999495648951326
64847a09-9232-40ea-9403-cdc0f4ff9dab,5,387d5488-3dd5-4005-8707-944e29c31bd8,0.9995815569048385
fb53a32a-7afb-4684-88bf-917bb9e943fc,5,f47a0b8f-c823-4ed3-ab26-4ec4a0f80409,0.9999326684398585
ddb9794c-93fc-4dae-bb15-59d4b7e908cd,5,bb405a46-45ee-44d9-9014-4ed49f5249d7,0.9999144864943765
17db8507-0c1b-47e9-a8de-ffd155e9bc6a,5,cdaab7b0-05c2-4db2-9f5f-0000c986adb2,0.999571370321478
a9ce5069-a18b-4516-a76b-f8e4f12ffa6e,5,bb405a46-45ee-44d9-9014-4ed49f5249d7,0.9999676110482084
a3208e09-01d0-4553-b36c-8d36fbb89829,5,8456de7c-bd6f-4402-ade6-1b915f2b027c,0.9998166127956892
75ad0899-9f2c-4fbf-b22c-98e78908165d,5,8456de7c-bd6f-4402-ade6-1b915f2b027c,0.9985656646233952
e0379bff-572f-478c-96fa-c7e2ac422abe,5,bb405a46-45ee-44d9-9014-4ed49f5249d7,0.9996580176432609
d1e4e586-c32a-4f55-9a2c-20db4d27ae26,5,cdaab7b0-05c2-4db2-9f5f-0000c986adb2,0.9974409714505548
93218b07-a6e7-437e-abb7-335d7e29bf0f,5,e748e460-bfb3-494b-8526-5158b3f4cac6,0.999967515505761
17e56767-8bf0-4210-9d29-f5ae177071c2,5,cdaab7b0-05c2-4db2-9f5f-0000c986adb2,0.9975443509644891
415de8f4-a73e-4507-b6cd-50d5602942c2,5,bb405a46-45ee-44d9-9014-4ed49f5249d7,0.9999572168172008
beb02f27-e6a4-47a2-9f63-025d1660c747,5,a24dc449-13e8-4cac-a71e-8675c64fd4c3,0.9998022045848687
4cb28101-b43e-453c-941a-b42cf7432b95,5,d0d9f60d-73d9-43db-9e45-2c7d2fad925b,0.9997241475398464
eb5c3054-45b5-4f42-8a74-fd6e3817c6da,5,58312f4a-fa69-4e16-94e0-8d3ba432b9e0,0.9843305236812014
f3700995-2c82-4311-a0df-f86247f980aa,5,e748e460-bfb3-494b-8526-5158b3f4cac6,0.9999679838926782
d81e5aac-7a3d-4bee-8d39-fd6326f69009,5,e37ecef9-86b2-4847-9b7e-c96b7487d32e,0.9999375990575303
a33ee267-4dfe-457a-9000-ae6a78d59670,5,e748e460-bfb3-494b-8526-5158b3f4cac6,0.9999147636459106
e5ed06d7-1795-4c20-8941-69662d49e26b,5,6446ddd0-10b4-4617-b1fd-71eb29d6f6f7,0.9999521852882469
f3f26ece-2af6-4871-afbb-04ffb0e9b5d3,5,f47a0b8f-c823-4ed3-ab26-4ec4a0f80409,0.9998953723336665
d031d00a-5a95-4ceb-8bc9-77719b3585c3,5,f067fe6e-41e7-46db-bfda-eac1cf83566e,0.999939269883411
ef3012be-13e0-4333-80a4-d86add898b2d,5,7891b662-9cf4-4fd9-b30e-ce22daaa4c38,0.999956349112095
6f82addc-28a3-408a-88e2-13d42788e81c,5,23a6b0d6-a9ce-4e2e-b865-98ac1f71257c,0.9999584193639524
8f3e332c-4063-4873-bcad-6431d6cb96df,5,d2683d68-3892-4162-a8e2-ccd14b24c52c,0.9998699977395882
c2fc5aa9-e8c7-4012-882b-81e813b41ed3,5,c801592a-ab47-4f11-96c3-87bd51b16bd2,0.9987205301554545
f0db34f0-1fe7-438e-bce7-c87a074c8b68,5,2f9d7cd6-6b3f-4097-aecc-2f229d9e26b8,0.9998179529770259
76fdadc8-faf2-4a2b-8ded-3ce074165484,5,a0bc5bda-1093-4af8-bf20-5972107f5016,0.9998771089677767
854466c2-d6cc-4dee-8d9f-a8905534ea98,5,3c3a2ccb-a0ca-415c-afa5-0386813ecc23,0.9999448729413211
08eb3d6e-d186-41dd-bd1a-fff1e659629c,5,53fab267-a2d3-4349-af68-55e2d85ee775,0.9999670050457155
0f2bd84a-9f16-4aca-9e79-2cde72e8b391,5,70cb560b-fdc7-4c12-9f09-9ba2046afc0a,0.9999683554650458
92451385-e2ae-427c-9663-8457829e7a97,5,11aeaa04-5136-46f0-bcd7-fc5c65a0628b,0.9996358196039685
621894b9-a7f0-4ac2-b3d4-2b62c68ae24a,5,ed2eca32-c8e6-41c6-ba3f-772dc1b29408,0.9999796964039995
acdbf9ea-3cd8-4f47-a1a4-097782721274,5,53fab267-a2d3-4349-af68-55e2d85ee775,0.999985664375214
e0d12350-be28-4fd2-bf09-30270dd2607b,5,345e45bf-cc8a-4b67-892c-f3f7610c3b82,0.9995194914647344
0c623c1a-5b4e-4056-a7dd-a1e6387d8376,5,dfbd4a5a-613b-4a7d-a7c3-f95b30dc7128,0.999980452585309
59c2c684-2f2d-46a3-8339-83e99a590a10,5,7891b662-9cf4-4fd9-b30e-ce22daaa4c38,0.9999594865606738
4331fb30-c3a2-4dd1-a32e-0aa4cf89fcf1,5,ad402524-d504-4eb4-a0d1-782d3622109f,0.9999345041872307
14144987-a55f-4124-9e0d-2c4d754733e8,5,9889412e-b773-4ae3-837a-d6581c718152,0.999913221899988
94db4f6d-89d6-48aa-bc7e-50349b59c320,5,c20a643a-3ff1-49a0-b218-1c7e4ed35347,0.9998719097742061
96330bcb-2a33-413d-ba09-f5d7edba5776,5,53fab267-a2d3-4349-af68-55e2d85ee775,0.9999874304367242
49be65b2-4b1d-4d4d-867a-62d720721498,5,63511de3-2c9d-4e4a-a4c7-54fadbfba724,0.9999343058061534
fda0dd49-87f2-4361-bef4-35bb20886683,5,70cb560b-fdc7-4c12-9f09-9ba2046afc0a,0.9999520430351456
1b9b5e4e-2438-4e9e-886d-a78d3934b69a,5,601402e3-5fd1-423e-aa1f-6cf07824a2e7,0.998273760527154
7cedb958-33e3-4598-9bda-57b1eba33258,5,2f6da07e-9a2d-4139-b37a-e0c20005f271,0.9990904423539436
9ae2ab5e-b370-4136-a398-5e34e3acf8ca,5,47455a47-af17-4e07-b068-4b55883d63fa,0.9999048046746182
67f8f525-6485-425a-8ab8-4b5cfc4c02f7,5,601402e3-5fd1-423e-aa1f-6cf07824a2e7,0.9993476659412583
e7b0bfc6-a1d7-42ea-bab5-e597e1304dd8,5,a9af0a26-74dc-405f-9ca3-396d67d9eaba,0.9999730456227673
a35d9e24-d0ab-44a7-92ae-b152c07a735e,5,53fab267-a2d3-4349-af68-55e2d85ee775,0.9999609015395536
b861b04e-a1bc-492e-8318-4f27c8f9a594,5,83b55d86-0f2f-41cc-9147-21b31b876dac,0.9999659163560402
724dab08-32d0-4ebe-a9c9-b72934a578d4,5,392876d4-cc6f-4ca0-ace8-bbed83c21637,0.9998969278428196
7654d1ec-528d-458a-a5b0-28a4f4289096,5,70cb560b-fdc7-4c12-9f09-9ba2046afc0a,0.9999713777822896
01b76037-d510-4ddf-86e3-901df8e2d501,5,0bdec606-9a55-423d-8d96-e51f733ccc63,0.9959733432914446
ab7663ea-0933-4d5c-b985-d9d38d371bd3,5,23a6b0d6-a9ce-4e2e-b865-98ac1f71257c,0.999918237641517
a370851c-3bfd-42de-a6da-50fcb1de1069,5,2d8f2a03-72ca-4878-881e-18ab57a015ab,0.9997561115471664
3a7998ac-addb-440e-a349-8bab101a97bd,5,a9af0a26-74dc-405f-9ca3-396d67d9eaba,0.999968290154176
fe9c784a-f488-401a-bf04-8d8613460c58,5,3c3a2ccb-a0ca-415c-afa5-0386813ecc23,0.9999783651836767
82ae314b-523a-4413-9be6-3ececbf9c3a4,5,ed2eca32-c8e6-41c6-ba3f-772dc1b29408,0.9999459129383405
a8680aad-215f-48d7-afaa-69be7bdaad2a,5,ad402524-d504-4eb4-a0d1-782d3622109f,0.9999717302401999
00c96767-198f-4ce7-9f2d-3228f9730638,5,83471017-d3cc-426e-a70b-3368023bd55a,0.9999505705727498
a52d5c39-19b9-4f2d-a03a-796d46155244,5,0bdec606-9a55-423d-8d96-e51f733ccc63,0.9967555979384672
35215f1b-07da-46f4-b0dc-deebed67b9f2,5,dfbd4a5a-613b-4a7d-a7c3-f95b30dc7128,0.9999795422113624
3b331a8f-fde1-45cf-8595-acf35953a02e,5,ed2eca32-c8e6-41c6-ba3f-772dc1b29408,0.9998560582676648
6df5ab01-8cbb-4b44-b54a-b2f545c4310e,5,dfbd4a5a-613b-4a7d-a7c3-f95b30dc7128,0.9999552507648775
4c0ca6b7-5c0b-4b78-bbf9-2cd32c67dac0,5,dfbd4a5a-613b-4a7d-a7c3-f95b30dc7128,0.9998636299473658
1d8e4800-4ef4-4a51-bf9b-8859b18672e6,5,32a5f6de-83d8-441e-9be4-b25f27e7a968,0.9996654717901954
47e7ecc0-0e77-461f-b6c6-5d67b48c01cc,5,83471017-d3cc-426e-a70b-3368023bd55a,0.9999415816380879
385d144b-cdd1-420a-8823-46e948cd75e3,5,7ecb30fa-2f0b-42ac-b92b-9d56d33abf6f,0.9976382763572536
a33dccba-726a-4372-8dbe-1a364e5eda6d,5,e63b86a3-12f0-4cdf-9ff6-bb994cf90fb5,0.9999373740646886
de1d5b0d-92ad-45e3-b8ac-ca67607bd6d3,5,75cd934a-1c5b-438e-9310-9c9f30e14059,0.9999440596297525
a7c7e9c4-3492-451b-8ff4-bcde222dcdab,5,3e10c58f-9dd7-4faa-829d-6bfb70203c46,0.9999567694285001
73ec3726-25d2-4628-9a7a-833f95a3f0e4,5,3e10c58f-9dd7-4faa-829d-6bfb70203c46,0.999952243527577
12ed77de-be05-43cc-b4ba-b596ef5bec20,5,7ecb30fa-2f0b-42ac-b92b-9d56d33abf6f,0.998454130497828
d3d007d4-4aa5-42df-aa48-4577df4f4070,5,5ad2f98c-0737-4698-9c97-90bacb501d9e,0.999966335847867
aaeb32e7-7082-46e6-a61e-b6ec3aadb024,5,345e45bf-cc8a-4b67-892c-f3f7610c3b82,0.9995351477096697
814901ff-f78b-4de0-8c50-6f3e79a29443,5,ed2eca32-c8e6-41c6-ba3f-772dc1b29408,0.9999120323284143
322de916-a1e5-425b-b222-b9a7cd36d933,5,5ad2f98c-0737-4698-9c97-90bacb501d9e,0.9999550659713998
07940dcb-b8d1-49a9-8e96-8fffe3971427,5,a9af0a26-74dc-405f-9ca3-396d67d9eaba,0.9999665085209319
078d284d-aba2-4945-9d2b-19dd8d7568de,5,5ad2f98c-0737-4698-9c97-90bacb501d9e,0.9999702730045162
cfe12746-f386-4021-8377-74798295efe8,5,2419b619-307b-4fba-9242-39768a55dbe1,0.9999782819755118
52bf5298-a6d1-490d-a280-33a16cfb57cf,5,c20a643a-3ff1-49a0-b218-1c7e4ed35347,0.9995085502951044
1d1e2a31-2e64-4850-9fc6-ec7ea4574f27,5,a9af0a26-74dc-405f-9ca3-396d67d9eaba,0.9999768708794918
34936482-6d94-4f9b-bc0f-6ea3e529bcd2,5,2d8f2a03-72ca-4878-881e-18ab57a015ab,0.9990700124232395
f621c855-866c-4816-84bb-2bf407190ee2,5,2874d377-2917-4205-96e2-61a5b84a1ba6,0.9999100456617063
667531f1-2abd-47e8-8d80-d1dabdf5041d,5,f038dea8-2bc7-4210-92b3-998577f7013f,0.9996164498485265
029b14fa-e46a-4a2e-8509-023470b03887,5,ed2eca32-c8e6-41c6-ba3f-772dc1b29408,0.9999763662603449
22833840-7506-4a51-97a3-ff71a3b1b5cf,5,9374e441-0be5-46be-962f-b31a3986117d,0.9997601307132651
f8d8dd21-4126-4c28-8969-f1918e7db52f,5,32a5f6de-83d8-441e-9be4-b25f27e7a968,0.9996192822135648
826bebfe-e5ca-408b-8143-9ccc157374ef,5,11aeaa04-5136-46f0-bcd7-fc5c65a0628b,0.9997302692220555
004b1476-dc39-4e92-8ce3-3086e1f35324,5,70cb560b-fdc7-4c12-9f09-9ba2046afc0a,0.9999564781374932
c10d4a56-faff-4d3e-9116-76b832760452,5,7891b662-9cf4-4fd9-b30e-ce22daaa4c38,0.9999695652409526
aaadc0db-9662-44e8-bc53-f9689e644c78,5,2d8f2a03-72ca-4878-881e-18ab57a015ab,0.9994805087962209
93c0eb9d-eda9-43c4-9fe2-0a605d3b833a,5,97e5f7e0-0cab-48ae-91d1-cb4576639121,0.9995175111584358
1f54b187-8807-4cbf-bd7b-8147c3bc0bdc,5,ce7cb6bb-2996-4bf7-9106-f2f41592acd3,0.9999039491300996
855b1ad3-5755-4bba-a3ab-310c86855162,5,2b4d324b-c0a2-4432-a2b3-9842cf536614,0.9999201188256794
37fbce4b-921a-498e-87cc-d9658a66178f,5,ae88e071-6f2b-470f-a782-dfeb33505b39,0.9997332610557874
7fb513c6-b831-4e55-8f30-79a39aba32cd,5,69453be1-0fc2-4963-8e3e-cf2fcec92f54,0.9999428369197069
301a31ee-3fb7-49f3-ae19-1b9ff6d7b863,5,ee602c2a-dec2-43ee-9922-36983a97e360,0.9998845042896823
3fe4f897-28f4-4ceb-ba92-26550b64dbc1,5,7a42ec24-552e-4a83-946f-ba2e748dac58,0.9999147217613817
823ae1f7-d1c7-40b5-ba20-a0f24f935449,5,560c46d4-abe3-4418-9b05-a473059dddd4,0.9942026680388367
06ebe41c-1fc1-4249-a121-a245fbf1adec,5,51890fff-f5d7-4680-982c-76971b057486,0.9999369633644707
fade62b6-8eef-4b52-a591-06406048dabf,5,eabb4ec7-67a4-49e7-9f45-5231fdabfbbe,0.9995239202028805
3d5a3081-bd7c-4a21-a3b1-1ac74e372ee0,5,57806934-cc17-4235-bc9b-05450ab63770,0.999978441773926
62438c7e-e350-41b9-b380-49f522cdb499,5,b531ab28-2b1d-409f-8b2b-dfce188eae5e,0.9999675426569594
7fd64a3f-4e77-4905-bd23-6e01f9560034,5,6606844e-06be-4480-a745-4e0769bdc747,0.9999681581801761
92429991-5f9b-4757-9864-15347205b335,5,dd1c04eb-40ea-4349-82ff-50818e84266c,0.9999670179619959
c3442769-ecb0-450c-9ece-6e739ae66707,5,014e6a4a-b391-4a52-8dc3-98b638a46414,0.7731331753189875
00b6539d-6351-44b3-9ea6-0171c9e5e11a,5,b531ab28-2b1d-409f-8b2b-dfce188eae5e,0.9999705198446454
8e71430a-247f-4e1c-ae3b-c0f833f62f90,5,2b4d324b-c0a2-4432-a2b3-9842cf536614,0.9998893946160455
aee88d64-c2db-4231-8c1b-9472071c6b54,5,43613a87-f87b-41ec-9951-6439129463e1,0.9999523379424557
0c0e5b88-daf1-4b0b-9b77-d776fb0505a8,5,b531ab28-2b1d-409f-8b2b-dfce188eae5e,0.9999863570561824
845023da-e3dc-4041-8137-c67123d73dea,5,bd2fbf51-ec09-4e29-9f55-ef571a436077,0.9994339732138785
d6bacde6-7ec3-4a6d-967b-f81ef78e33a0,5,b531ab28-2b1d-409f-8b2b-dfce188eae5e,0.9999719842987406
26b8d720-9aa4-48cf-97d6-b3ac7d9fbd08,5,ad29caa7-7cbe-488f-b7d2-62804eaff6fa,0.9999009344281382
adf998ea-c4bd-4a22-922b-9e9a280cec28,5,51890fff-f5d7-4680-982c-76971b057486,0.9999889956417571
a0c70764-e59e-499c-8606-592473458ca9,5,8aec4d68-e3e5-4649-b8d3-8b7c92cf8bf5,0.9999548446370281
8dc7ad80-6145-48e0-92a1-450f2a7eff84,5,6606844e-06be-4480-a745-4e0769bdc747,0.9999637233868247
63e1a64d-acdc-4a36-80bc-211c6fae7d45,5,014e6a4a-b391-4a52-8dc3-98b638a46414,0.974301949654928
5e49b398-34a0-4f0c-9df2-0a56b404f4ee,5,43613a87-f87b-41ec-9951-6439129463e1,0.9999785308675931
2896010c-ed40-49eb-8683-4e65b81bd382,5,6888fc22-1d35-4677-a3c8-d0c2ed159450,0.9999231060782292
ce506c56-5296-40db-b5fc-b369c4219b8d,5,9bb3ebc4-8b38-4b78-8610-0908126c7b9f,0.9998959661361606
3a47332e-3e18-46f6-a512-6cea5b7e1a06,5,69453be1-0fc2-4963-8e3e-cf2fcec92f54,0.9999453656923966
f3519893-12a5-4af6-91f6-b21dc218d62b,5,ce7cb6bb-2996-4bf7-9106-f2f41592acd3,0.9999753380259236
ca519bae-ebac-4199-8f28-885a7d3f9cdf,5,eabb4ec7-67a4-49e7-9f45-5231fdabfbbe,0.9992550384292412
93beed7c-57dd-484a-aaf5-960e24814369,5,ce7cb6bb-2996-4bf7-9106-f2f41592acd3,0.9999869195163698
a55a12f6-523a-4751-ba89-190734844f8b,5,bd2fbf51-ec09-4e29-9f55-ef571a436077,0.9991189375252296
a879f39f-d65d-4599-add5-aea57bea55d7,5,286d7a86-f5ea-47f2-9344-cf2d830f7e66,0.9998581241252027
beb08f8e-cebe-475e-8207-f12d82278917,5,57806934-cc17-4235-bc9b-05450ab63770,0.9999622632891789
b6fa1a89-eda0-4ea0-a894-ad30f17f1edc,5,4dd66ea6-c94b-4ac8-b22a-62c2c65558c7,0.999491885877331
a494d43b-d2b8-4425-8f4b-57ccfe631d14,5,560c46d4-abe3-4418-9b05-a473059dddd4,0.9982169310215314
2e216f97-8d37-476e-9152-028a224c7c05,5,6606844e-06be-4480-a745-4e0769bdc747,0.9999600167356554
c743275c-272b-43ee-a439-0a020d16846f,5,90688576-5f6f-49b5-85a1-aa344a67b367,0.9993979501805997
3c5c23e4-a9de-4d13-9813-5c0111c07f3f,5,7c88dc63-6bc9-4e56-8084-b10259aa6a34,0.9992099877250291
365a9fe1-b793-43b6-9e56-ed2ea397d7fa,5,26f7d0af-b1a4-4b4b-a170-b45ec5786b84,0.9997750376169002
9b2ec18f-dbf0-49e8-8530-16b4aecf2fe7,5,85136426-8352-4069-87bc-0f385c0b16f4,0.9991593532552951
2cecdd6c-7ba5-4970-b3bf-0d589de9aa15,5,2ff0acec-511a-4c3a-9d29-ba8100344fff,0.995158431235091
a8062d99-a01e-4359-a31c-6c7036325314,5,e5c0b1a6-2dd8-4a12-8b6f-3643baa8d1bd,0.9996364534180333
eb6e5121-1799-4eba-a8d7-c58b8163d515,5,85136426-8352-4069-87bc-0f385c0b16f4,0.9982767079685029
019a0534-0d1f-45b8-bf9a-99ac36e1c49e,5,4724e236-12e6-41aa-a9a5-9c17844a7fc1,0.99974116510296
3496fdc7-66a7-427a-b4ee-cdf0524b5066,5,aefca0f7-a37c-4d3b-aa19-3e752a8dd1a2,0.9999643894135883
bcf5351e-3062-4c53-9db6-e1fe873cc40d,5,92fcf8eb-d8ce-4d1a-87d7-866436ed1382,0.9997829563372262
ddfe6a96-c330-4999-b0a2-561d22e221a0,5,a92bcb9b-e0c2-4ec3-ba4b-2054a030d8ca,0.9995158232788542
9ac0b12b-5eda-4df7-aa0a-a7c102f26bf1,5,0c05c053-7298-4b2a-80d2-65d4aa7943a2,0.9986316305060572
f8cc757a-157a-456d-99fe-9f06ec73e8af,5,92fcf8eb-d8ce-4d1a-87d7-866436ed1382,0.9998011899569843
7ed31e91-4b6d-4941-a25d-c0bb1177771c,5,92fcf8eb-d8ce-4d1a-87d7-866436ed1382,0.9998906676959065
b6bc839d-9a88-4df3-a42a-97e46a6c8140,5,558255a6-b1b0-4e6f-b549-5026b0ed4dbc,0.9997009059814406
b3a3704f-d24c-4a75-8d74-1ce8fc094f9d,5,558255a6-b1b0-4e6f-b549-5026b0ed4dbc,0.9996925812601909
641aad29-3928-4784-bb70-a925a039f39f,5,e6352879-0012-46ca-a3a3-3b424e9fc3eb,0.9993507399260495
23e45639-4bbb-41fe-8973-c043a802a4d8,5,e6352879-0012-46ca-a3a3-3b424e9fc3eb,0.999589952658247
138ef9b3-de39-4942-8eb3-7ca2035e3430,5,558255a6-b1b0-4e6f-b549-5026b0ed4dbc,0.9997436032629783
ec35715e-9c32-4cf8-a2e2-973153cad428,5,f34793e6-9f9c-4f3a-aeb2-b5bb28e8ef46,0.9998188025350442
bd922fe9-51d9-4419-bdee-fa02fc92c9b9,5,212157ab-0563-42a9-b4d2-c76c6b6b3a1a,0.9999761956450867
9f268098-38d6-4049-8113-56691e2a3af5,5,212157ab-0563-42a9-b4d2-c76c6b6b3a1a,0.9999696430588513
f25dcd18-1b1e-4f45-a88b-f7491b81aa12,5,3247fb11-0978-488c-a8d6-4204c4d7a28f,0.9999317824708358
4af9d03e-8e01-4e07-a38b-8f15065c99e7,5,a202f6b3-92e4-47f4-a556-2aca467430bd,0.999875447216475
1daf1501-e493-4de4-9fdf-1807174d543f,5,82e7a5bc-b5f1-480d-ad1a-391b87354d70,0.9999307248887856
ab0ae732-6e8d-46d8-83c9-0475005be7a5,5,678e65d4-0e67-42fc-9ba8-2fab2edd10e0,0.9999785976409377
dc6486d2-b271-4402-9bbe-0fbfc4653874,5,cf3a78f2-837e-4236-88eb-8468b16faf72,0.9999660521276368
79880570-60c6-469d-beba-2f778f252665,5,69e10fdd-f24b-43ee-b6ab-fdd9c13b95a3,0.9999008375335325
6a67abbf-fb8e-42f1-8f89-9548f5b7531e,5,14915fca-76d2-470c-aded-72db713f883f,0.9999697673255685
fcdc0aa6-5e0e-49ae-aa5f-b0195dbfe376,5,cbcfa9d9-7764-479c-b89b-c4c715a33838,0.9999292126168835
a8c646eb-a330-4c93-898b-7a4d7b0615df,5,1f80b013-f7cc-4f33-ba62-16c58e07b6df,0.9999507556581015
f0002446-5cf3-44d1-b2db-e6abf13b8907,5,f72a8bc5-1586-46ff-b90e-76ae262d8086,0.9999299376550123
066d30e1-1f52-40bb-857b-c09d53bea5ba,5,1f80b013-f7cc-4f33-ba62-16c58e07b6df,0.9999720983352107
0cb8caee-424b-4bcb-804d-b79d7146d3d1,5,61f7d6af-7e70-47fc-ae53-7bfbb8b1b9c6,0.9999065887556933
a486a304-4d64-48e5-8e24-79344c1a9e7a,5,108f34bc-ec8a-48c4-a910-37927490879b,0.9998861825482502
7e3c892a-08d4-4345-90b7-232670db89c8,5,57a37b18-0efa-492e-ac99-af93494ee53a,0.9999056435525567
89c4aa6b-ea7c-485e-a8c5-43fe6a1cbc40,5,28bee7e5-92aa-4070-a45c-c9bea010f099,0.9999443206718623
f2337545-f61d-40ce-9bc5-5fa319d72856,5,1ec75fde-d8cb-4a50-9ead-deb441290a3d,0.9999400151993068
bfa4bbc2-d736-4c6f-8e72-a3c27a53ff81,5,c2accf9f-307b-4688-95a6-6c502a245416,0.9996496651006577
9b9ecf9d-9d52-4bd6-a61d-6649b48a66fb,5,30fa172a-f5e2-4e11-bc74-86b8da79f2ac,0.9964988786330755
165d4895-7c5a-4846-9a78-0422d00d193e,5,8ad1967c-776f-4c21-85b9-52e319869325,0.9998648564784269
064ded80-ce91-45aa-819f-e4997c5ebdba,5,ee654366-a055-469c-8c37-f44b2c62ecd6,0.9999369604043441
e452f8e5-96f0-404a-960e-514fc7067d95,5,ff16bb41-059c-412c-b7fd-73f77eaf1f19,0.9999666716662986
2e4735b4-fac1-4e5a-ae47-c4d9da735373,5,72c5fc39-1507-4b28-8f2c-a1229dfa435d,0.999631963323136
7a33ef53-41ef-4207-8da4-0e44d2992ac7,5,815c8c1b-dce9-45f4-b232-e05f0a178ed2,0.999944990495653
f1f79a20-1439-4ed6-9c8b-e560e231b4c9,5,f4e2c186-b0f8-4e43-aca4-a7abfa75c281,0.9997091544653189
d4e8a986-0b77-47c4-9b6d-ada697dbe4d6,5,75673ede-001c-4368-b727-4f8b97b4f288,0.9999346197997641
9b368285-5751-4adf-bce9-0b47c84511b0,5,e708e686-87e5-4c91-b1f8-4fe51bc7a586,0.9996361115426892
277e1666-7508-485e-900e-4d66c4148bc7,5,4985151f-e50a-4831-b231-fce5ac274441,0.9999388968984815
6bb06a16-a676-4c32-8c22-d04739887b63,5,4fcded17-d12c-44be-980b-1babc1ec22cc,0.9999121365997896
4017ea8a-8f2b-4f20-ad59-7a21ac82ce51,5,1beb6a7a-8e9a-4f2d-8309-1671ab3061f5,0.9999677377805116
924f6bf5-99f2-49ec-ad34-0e8d01f6d58d,5,69e10fdd-f24b-43ee-b6ab-fdd9c13b95a3,0.9998564526465875
e62859f8-5be3-4500-911b-2423ca95f7b6,5,69e10fdd-f24b-43ee-b6ab-fdd9c13b95a3,0.9998918449855596
55d72ba1-7543-4397-a664-d28e7b5cd8c1,5,d0c7f9b5-b5ed-4c81-b8e1-baf2fcd1d845,0.9999461175159575
8be96562-4b2e-4b63-9a34-dbd7770cea21,5,711cd7aa-7ccb-4619-8151-9d743ab9dd5c,0.9990216335579964
e45183fd-88c1-4d22-bd13-1469fa93ed76,5,14915fca-76d2-470c-aded-72db713f883f,0.9999714244453093
086576b3-40aa-48c8-9276-d013fd250365,5,82365bf8-571a-479b-b9ff-82b743c46f30,0.9999079007474427
ead8f278-8e71-4c0f-af06-c296a0f5f8de,5,678e65d4-0e67-42fc-9ba8-2fab2edd10e0,0.9999850687784546
f87d5505-9d85-46a2-a5d4-b00c3a5e2ef7,5,f0c52780-2a0c-4f2b-8e84-7954c8b8bb7b,0.999958757975014
32ec1c95-c37a-42fe-8626-2943812bbcd7,5,ad632061-e0c0-4ec0-ac03-d194ebbb45af,0.9999670819054183
8ce86bbf-4735-443e-9a98-5575e0b55b5c,5,b978a195-41ef-446a-85a8-74c1ea4f738f,0.9999726627490342
3b346d78-7492-4b4a-96f6-b0c9d47e6eb5,5,84cab38d-3f25-48cb-9145-2f19be7e27b0,0.9999231849669925
74091684-4426-4ba4-ae85-756889818272,5,82365bf8-571a-479b-b9ff-82b743c46f30,0.9999467120637986
398d62eb-cd40-4320-9f03-26a5a2a42f4e,5,a202f6b3-92e4-47f4-a556-2aca467430bd,0.9999288133343308
56875611-1b78-428c-a930-e32e4c57c82d,5,49c7729e-3103-4376-8ab7-f150163fe663,0.9999309982801607
2cd93fdb-6b38-49ec-9676-f94e4d097364,5,13235177-815a-4d1b-b104-812c79239626,0.9999253124142041
b65728e4-f579-42f4-b65d-d132be4737aa,5,2c472b92-1802-418e-8403-c5e1fbc781ea,0.9999676025442534
d7c743f4-148a-4d8a-a522-7e4637da7cfa,5,69e10fdd-f24b-43ee-b6ab-fdd9c13b95a3,0.9998491780141718
2d728bdc-5144-499a-a80d-93eb7b2c44df,5,1c4bbfbe-57b4-4996-82dd-d587e4d7124a,0.9999466132670125
3e953cf6-9ccc-4ca3-9776-188f510215f7,5,ecdd9d56-b24e-4a6c-ac6f-b3f8604f4c99,0.9999568165782673
73f36242-091c-4b30-95a9-79e0f93e3e2e,5,28168bb5-0424-4167-b362-c0bb1f58f228,0.9996262073661135
93a66716-a0ff-4c77-abd7-05d49f1b0d99,5,a6f49a38-dd50-4fa9-a78c-87d1bf930993,0.9999324023446234
fc512282-90bb-48e6-a44b-e25f7c01d3b8,5,5e4d0ce8-1e98-4938-9b89-2416d79ff88d,0.9999805968618031
e8a736d4-367b-4ec6-a322-476606e9e0ab,5,495d3bc2-4ff9-49bf-889f-e4a443e6518c,0.9998886433545849
9ee7c393-b350-45ba-b22c-a5f8611cc8dd,5,9baabcbb-0e7a-4916-9636-9c5b0e9b5e79,0.9996801377725202
65156b26-f1c7-4c77-b82a-17e2f5d01384,5,108f34bc-ec8a-48c4-a910-37927490879b,0.9998749242902729
822070e3-ebee-49f4-8ac9-42594f183896,5,bcde4c4a-af8c-4d01-8c77-8ffd9a1b295b,0.9999283101464821
b04ccf97-685b-4612-a240-264108eeb1a6,5,815c8c1b-dce9-45f4-b232-e05f0a178ed2,0.9999064068873036
fe57398e-754a-4719-a7fc-12a11e57d74d,5,4843712a-3aaf-4d10-8d2f-55d62fe4831f,0.9997152017331887
9c0eb9aa-7b5c-466e-baaa-1a0b6648aa14,5,eaa85dbe-515a-4e9f-b655-44db79124a82,0.999968289378498
98ee7663-e095-4080-bc0b-3ea6477066ba,5,3247fb11-0978-488c-a8d6-4204c4d7a28f,0.9999605079441984
76e4f6d7-1b41-465d-beca-6637bf582e32,5,66961555-86d4-479f-b21c-276949cb2dff,0.9999650893674379
0ed5012d-6912-4f43-85d2-4f971ecfd13d,5,96531dad-12af-4db0-aceb-23191bc9a75b,0.9999658161619152
58eeb9dd-5418-4168-8e40-d2490023be00,5,f4e2c186-b0f8-4e43-aca4-a7abfa75c281,0.9998497431043473
a420c672-dd29-4750-a061-2886f91bb049,5,9baabcbb-0e7a-4916-9636-9c5b0e9b5e79,0.9995455389452901
c0b66ebf-450c-4b07-af14-247d5bc3eeb9,5,711cd7aa-7ccb-4619-8151-9d743ab9dd5c,0.998701019678037
a8bb8e9b-ecc6-45dd-9f13-d07ce8c2ae0e,5,f4e2c186-b0f8-4e43-aca4-a7abfa75c281,0.9997455660038146
1b847289-f96f-4153-8817-fa1510096933,5,2f68c4a5-c260-4f7b-bcdf-1a1ae795b8d6,0.9999450682442709
a1f3234d-1630-47ee-881b-397b72587e6b,5,14915fca-76d2-470c-aded-72db713f883f,0.9999698767467341
0f814209-9c71-40aa-8130-a535fbef1149,5,fdcbe965-d075-462e-8e8e-ede1de7c19a2,0.9998338971132492
22c679c3-c782-42b6-8081-ba6756181692,5,c2ed6606-af20-47b5-be9d-b27e9f70684e,0.9999656105876013
ac17fc8f-f795-42c5-bcf6-5ad4181cca52,5,093a9f5c-e17b-44f0-8455-6c8f8e834b2d,0.9999604141578915
c53cb5c3-13b6-4263-85fa-f980ef35cab3,5,bdf65474-ba12-499d-bc78-0681202f6190,0.9999768565962369
1b227c15-5ac2-4d00-aa15-552eb98bae9a,5,13235177-815a-4d1b-b104-812c79239626,0.9999534300618427
07e70e72-bdeb-4d29-aaee-ca579ece527f,5,dc5cc3a5-8346-47de-8a41-67838f679942,0.9999307849075143
1dce18c6-b333-47ba-9e13-dd03f76d6729,5,cd83f891-26d8-4561-98f6-5581629993b7,0.9999522217394721
759c2f3a-cad9-4850-939f-2fa0f62edd9a,5,678e65d4-0e67-42fc-9ba8-2fab2edd10e0,0.9999503107614169
4f269299-ae35-4ea5-92dc-9d1bd78a0b7e,5,cec57692-2f37-4fff-a081-a91693ecadb7,0.9999445517451114
e0821998-5458-4d62-9c85-c24670710622,5,bd820470-5a99-423d-b037-1c598256b824,0.9997153825983821
4122f225-c9c7-49fa-bf8a-6c88cba44107,5,30fa172a-f5e2-4e11-bc74-86b8da79f2ac,0.9997958373240564
447aa9f8-b55e-48b2-b118-2a68802c6d06,5,6e7da119-5c50-401d-8a67-6865aced3c1c,0.9999616470048927
95419a99-5bba-4234-8da2-c96847a6851c,5,24966086-6965-45ac-ab91-4cd30a73d1d9,0.9999122371277944
a0207892-6e96-4fd6-b22b-5116047271dc,5,979288be-0f39-423a-8388-da3f1c4c6cc2,0.9999719533993945
e1d6fffd-c429-4621-92c9-4830a40bd9c1,5,2b6d1434-1863-404e-8b3d-c4a4223e292e,0.9999258357842291
325b5b2c-d145-44c1-8e4c-cb44645d511a,5,ee654366-a055-469c-8c37-f44b2c62ecd6,0.9999581844942624
b6174e98-8f21-43b0-8046-5e23d73611cb,5,24966086-6965-45ac-ab91-4cd30a73d1d9,0.999928659150067
202f7d2a-a89d-472e-a1f0-0eb9fb2ff066,5,66961555-86d4-479f-b21c-276949cb2dff,0.9999647795700921
b6cad702-18b9-4ff3-ba7d-5d61ce4c1e4a,5,678e65d4-0e67-42fc-9ba8-2fab2edd10e0,0.9999808044444247
86ea4674-8d2f-4c76-978a-c762da22749f,5,14ce7c9c-5150-49e0-af8b-c46d5b174516,0.9999724326099031
981d6094-dc05-41c6-975f-6f418838463d,5,82365bf8-571a-479b-b9ff-82b743c46f30,0.9999707992715183
14f3b3b2-02e3-46fd-bfa3-df8659e383d2,5,093a9f5c-e17b-44f0-8455-6c8f8e834b2d,0.9999324122187314
9aa7d7b6-cf62-4b91-93d1-b20d0d231676,5,a202f6b3-92e4-47f4-a556-2aca467430bd,0.9998889519555472
0d2c31a2-8c5e-4ca1-862d-9ce903e263fc,5,82e7a5bc-b5f1-480d-ad1a-391b87354d70,0.9998988783805736
2a694673-249b-4e24-91eb-04258456f17b,5,4843712a-3aaf-4d10-8d2f-55d62fe4831f,0.9994475070387735
1ba0d39e-356e-4640-8366-eb635d9bcf0c,5,0ac086f1-32a9-49f0-9753-46a72f86dc5c,0.9999657469467069
09cca0f0-01c5-4cd6-ba08-4a88de506432,5,68b4b462-af72-43c7-82f0-49532a1f6373,0.9999682397796916
92ffd51d-9ab9-414c-82b5-37daa04198b2,5,0e6ea29a-855f-4fec-b808-e2e831b52d99,0.9999586518803324
f3d4a3b3-31fd-41c6-99a2-1a0b677fcf82,5,d0c7f9b5-b5ed-4c81-b8e1-baf2fcd1d845,0.999776547846384
9cda7908-5ad1-4e82-ae22-365789d41d96,5,520634e3-48c2-4b68-85a1-dcbf88242e3a,0.9999765613172612
a18e8e66-2869-47a8-a4b7-7de4f74288ed,5,8f4a3f07-523d-40e1-ba1d-28b88e508509,0.9999076762971322
e2fee981-588b-459a-9572-8abb06d067d0,5,093a9f5c-e17b-44f0-8455-6c8f8e834b2d,0.9999319462687797
6422e76f-8adc-4159-b724-52606c2b7117,5,a1786816-25d5-40d5-af29-6ee8447ead86,0.9999263654942527
24ce2db5-dac3-498a-86aa-da6f51000b29,5,82e7a5bc-b5f1-480d-ad1a-391b87354d70,0.9999136214617226
8a3ab2f8-709d-4fd3-8d8e-4efa52235f3f,5,14915fca-76d2-470c-aded-72db713f883f,0.9999859910832738
36fa43fb-8ddc-4191-986f-68daf343b50f,5,0e6ea29a-855f-4fec-b808-e2e831b52d99,0.9999793093157783
fb4c0aee-19eb-4942-88e4-ae99a604f510,5,49c7729e-3103-4376-8ab7-f150163fe663,0.99990183180743
2a9708f9-d1c7-4ff9-a613-07c2cee71846,5,ed92e0a5-891c-4baf-a0d2-a19f14bc3b82,0.9997891877997055
61d860de-0c9c-4005-bb39-40ae5aafa211,5,0235af13-9f94-4325-9822-5235acad1737,0.999793828920851
65df7998-34f8-47d7-adb1-3da312e4151b,5,d4a909c9-48fb-4902-8351-a7f2c3365580,0.9999607744446228
3b2121af-58f1-48d7-b9b9-bca351ce75ac,5,82365bf8-571a-479b-b9ff-82b743c46f30,0.9999721943097248
82e49e5c-7a02-4dcf-b5ea-360201bc326b,5,f759f24e-758f-49d4-922c-133cc46fc0e4,0.9999267339613158
3b454161-943f-46a3-903e-3f53accf431f,5,ecdd9d56-b24e-4a6c-ac6f-b3f8604f4c99,0.9999730333321122
f1b98842-f007-4e87-aa2b-23df7c0b7e62,5,13235177-815a-4d1b-b104-812c79239626,0.9999023139346639
50b62839-0673-431f-a025-c4fa1d639bff,5,a31bf046-cfe4-4969-b129-2008bed2d0ea,0.999943729142698
486ebe3e-1f03-4c31-b612-0650e54a9b4b,5,e4c1b937-0317-4c87-ac7c-d2dcb0957f88,0.9999653312940205
59759206-cdc9-4867-bfb2-8586423d6fce,5,678e65d4-0e67-42fc-9ba8-2fab2edd10e0,0.9999828137980313
9cb6a8fb-51b4-410b-a12a-c1065abbf84e,5,3247fb11-0978-488c-a8d6-4204c4d7a28f,0.999968825096943
795918c2-cee2-4bba-b2f6-97b53e8407db,5,68b4b462-af72-43c7-82f0-49532a1f6373,0.9999652116364595
081b9737-5871-45aa-a292-e561e21ae1e1,5,d0c7f9b5-b5ed-4c81-b8e1-baf2fcd1d845,0.9994097625265591
e9bda7cf-ceed-4f2e-89e7-b40f97a6f845,5,6bb51967-a3cf-48b7-b29d-a1f17de6e37d,0.999860615972068
9e870382-0adb-4108-9862-798afc20ab55,5,dc5cc3a5-8346-47de-8a41-67838f679942,0.9999225886032103
3b375712-13af-4474-9102-dfeb142e5caf,5,108f34bc-ec8a-48c4-a910-37927490879b,0.9998901678933352
bf2077d9-3383-4cfa-a47a-5511b624e46e,5,badd4d32-3767-454c-bf11-b54faaa52cd9,0.9999807225234602
25df422d-32da-4d1f-bf03-53a9d602cf5e,5,c2ed6606-af20-47b5-be9d-b27e9f70684e,0.9999613808895642
66f51abd-d142-4d9b-95b9-82c3e09c963f,5,ee654366-a055-469c-8c37-f44b2c62ecd6,0.9999502238770073
870397da-168d-420b-935d-10ff5bade8a9,5,f4e2c186-b0f8-4e43-aca4-a7abfa75c281,0.9998796344950907
fc324a57-c65b-4c96-b054-ed3bb5f7f25d,5,73dc3261-91ab-4f97-97f9-c94a15ec631b,0.999963072973518
077e69d1-37b0-4f4b-8b57-891708024b46,5,d4a909c9-48fb-4902-8351-a7f2c3365580,0.9999353734711125
d43081f4-abc0-48bf-93b2-f40e07f5180d,5,c2cdf96c-a9c3-4c97-bffb-559f8a970d2f,0.9999242814931635
5cb16010-7a00-42f3-8b42-284cd58aac65,5,69e10fdd-f24b-43ee-b6ab-fdd9c13b95a3,0.9998757490365515
e26cbab3-e801-456a-bcfd-da159715467b,5,d0c7f9b5-b5ed-4c81-b8e1-baf2fcd1d845,0.9996686446186532
aa6f0903-17b6-4ec0-94a4-e97c36c1ef90,5,bd820470-5a99-423d-b037-1c598256b824,0.9997931823450952
ebada094-d109-487b-ae7e-fee1326b0be3,5,30fa172a-f5e2-4e11-bc74-86b8da79f2ac,0.999718656854517
4fea062f-9383-43c7-8f64-81ba07cb07a5,5,bd820470-5a99-423d-b037-1c598256b824,0.9998594271005947
4c545926-9547-425a-b451-57f8600c3d4c,5,a202f6b3-92e4-47f4-a556-2aca467430bd,0.9999323981322192
bf0ef515-4f78-41a8-845d-bbd191b06f1f,5,a202f6b3-92e4-47f4-a556-2aca467430bd,0.9999412246682443
162e1bce-3544-412d-acc4-5225310f9f27,5,eaa85dbe-515a-4e9f-b655-44db79124a82,0.999969783287961
d3c7f85c-28bd-47a2-8077-229c63ef66bb,5,af98db6b-2eca-4ac1-9e92-bb1c586c6060,0.9997029975468725
33adb65d-51bb-4987-8b9c-b417fa0652a3,5,bc2193cf-cd80-4378-8714-08973e939b1d,0.999569917819283
da86d0e9-55c5-4c87-9620-2db1ba10f1a8,5,e744423d-5578-43fb-8b96-5d10f64dec81,0.9998082101557031
e67e82db-725f-493e-ac83-071c2055b20c,5,09605986-f21e-47cb-8ded-178a40b6eeaf,0.999916317596999
a6a0637c-d27c-4bd4-98d5-0881d711d86e,5,a4937049-d499-4020-b61e-afb99a3bfd64,0.9995193237980446
bb3866d5-4d0d-4a2e-9793-ae729a2d06bf,5,a4937049-d499-4020-b61e-afb99a3bfd64,0.9992515202740593
d3f391b3-6985-4ee3-be5b-4efeaf11db90,5,cf5f81bf-7cf4-4e11-b6a2-752ce2a7d24c,0.9995363137548039
585994db-508b-4cd8-9f94-9201ac00c7d2,5,4e2d9971-d67b-40a9-8d9f-deaa16064e88,0.9997008347925426
d07a0dba-d1ba-42ca-b0ac-862735db2ea9,5,132af541-3ccf-4b97-b62a-9802deb9adb0,0.999790915081854
5c4b82c6-2de0-4e9f-82dd-9a8532eb25aa,5,b28bb8a3-4540-4e17-b052-d02e77eac1b7,0.9993901104865842
ab9cc424-7399-462d-84f2-8084cd49b15c,5,4fab64d3-cd91-4fd9-bb29-2b67aa7dc15f,0.9995435913497797
ba62c601-f866-42b8-a502-d5016a914f9a,5,5fdf8cbf-08dc-4a4d-a070-c8d6892b3ebe,0.9998281821080504
bf397763-5f6e-4da7-abcc-833e15607d1c,5,184bb98e-a9d2-4d56-be17-e4da0a829bf6,0.9995886494298656
462994c8-372f-4b86-a55e-b4b5479643f2,5,4532fc28-e72e-4223-a949-8a151f63d8b8,0.9996221938207676
6033ce0e-cd60-4901-b8e6-9067fc27b80b,5,768b6377-9da6-495c-9477-880e2faa25d3,0.9998455387197124
d2649732-5b77-4272-a49b-f2ec4b865ae0,5,0209d8c6-c98d-44f6-8b09-50e6d71c06a0,0.9990136300008509
68e55dbe-0e78-4711-95a9-801985a557a3,5,17909d23-9285-4bb5-ac4c-9fbb7ec8d7f0,0.9948789157781002
60ee9cd5-1485-448e-9f46-20876ea73de6,5,40f41694-49ef-4f70-8e1b-eec98219bb6e,0.9997437961471656
b5d91910-2613-41f7-b91b-03674d1ca6db,5,c3f467da-a231-4a6a-8252-ae21b8045410,0.9286845958590446
b51adb73-121d-447d-b050-bb288eb2a99a,5,4532fc28-e72e-4223-a949-8a151f63d8b8,0.9994200762741243
465722c7-cc4f-4052-9612-d4fe1a75f21a,5,44fda926-4d22-4826-8939-7d4ef61bb1ab,0.9996323225179798
68b3c5f2-5df7-490c-ad19-45f1e2f9c876,5,44fda926-4d22-4826-8939-7d4ef61bb1ab,0.9997655095048926
19c26aa5-5da8-4ccd-b4cc-b405f124a4a5,5,23b707da-0e4d-4c75-8771-74e544ead691,0.999960462408142
74379300-f962-47d1-b335-eec35126c71f,5,9df3ffcf-f5b9-4d2f-b9b4-848d2ee57871,0.9999327888645816
e6241174-1705-4e8b-92aa-47dea14dbf63,5,23b707da-0e4d-4c75-8771-74e544ead691,0.9999736082460873
e45a78de-d2fa-4615-923a-461aa187ec9d,5,362abb86-6b02-4c10-8972-886c72bd8c0e,0.9998952319265262
6dccf4af-5386-4b16-a3d7-a1d124dff490,5,1b69cf51-4fc8-46bc-b90c-c3a1be4a2068,0.9800542392563887
789a7929-8ee9-4064-b45c-945c047fd28f,5,c92f8fcd-007c-4b52-ac5f-997230712084,0.9995506442397666
3e333f03-b4f7-40aa-b623-8fd954624bd9,5,fc378d0f-415e-4b90-ac25-9eb0f6500c90,0.992750696092483
9da62f01-46f6-4420-a7ba-5b746f4b7b48,5,e758b90a-0912-4a98-8fde-c65a8684612a,0.9998220675991372
cef51389-b1ab-4867-aad2-2c8c6a1638cf,5,2d6141c9-f84b-42b6-85fe-a07f2529da06,0.9991432644094236
c9a88d60-3d7b-451d-b8a7-ef4c07358483,5,362abb86-6b02-4c10-8972-886c72bd8c0e,0.9998134070500879
f8db9150-60d4-4de7-be5c-13f660987b8c,5,c3160d47-6107-46ad-b8db-9c606a92488c,0.9998799857898214
c2ba98ed-eca6-4ec5-95df-4b5abca9d924,5,1dbef56b-f38a-4bc5-ae80-a40441d59e59,0.9997309428537662
587bfd84-7c56-4251-94f5-9c322b183947,5,b2994f44-34a0-4b31-b919-39e271960741,0.9973549419425949
53097f60-3eff-4486-aeae-47a939f5e791,5,a6d1e9c7-7807-42c5-a77b-d3e01e4d380d,0.9985045911120107
983bc87d-37f9-4579-abc3-6d05d1ade329,5,2d4bc953-6457-4b79-bf3b-eec2dfb823ef,0.9997573868402225
8dea8a1b-edfc-4c1e-a9ed-47e43ca1fd62,5,fe7665a6-2369-4077-8b1a-1272f350caed,0.9993637187821606
9802489d-a622-4690-a4b4-8cc173406fdb,5,9b7c1ffa-82a0-4a62-bfdc-16c2d6861a78,0.9997206278287315
d71660c8-86be-46e4-b106-4a77ec63a452,5,9a3d199e-1242-4be2-ac2c-417bb4e48f00,0.9999063967696992
69f17241-6a81-41a2-a21a-51ed217313c9,5,963dc3fb-855e-4196-b7ae-ebdcc210fcbc,0.9995516801472379
721a0838-cf16-494f-a868-75ae50e7fa5a,5,dd3e9897-5149-418c-922b-1ea210276896,0.9991958688288054
8d11f7ed-710f-4c71-90eb-79ca4ef872c2,5,bc2193cf-cd80-4378-8714-08973e939b1d,0.9993655452135862
3d43b337-663e-455d-a9da-0fd2ded6782f,5,e0cd7097-e6ae-4258-b09f-369401ef6fd2,0.9992782795541418
aae34b1d-05f8-4e42-93d8-856ff4089ec0,5,9df3ffcf-f5b9-4d2f-b9b4-848d2ee57871,0.9998191909779814
37137f1f-224b-4301-b289-10acda5cc10c,5,aa9a846f-1713-4e26-aa52-78b2b945c674,0.9999668105763627
73f0376c-f6ff-4495-ab9c-33254ae04f97,5,7eee2807-1c01-4df1-b1d7-25136c03ba27,0.9997354111085679
8ad5262e-f295-4c95-b1f4-7cac67c70b23,5,646ac08f-b397-4dc8-9c2d-abbf1fa50f3f,0.9999003566808011
6f320ab3-f1b1-4700-ba59-dd068fd9e14f,5,285a20df-9b54-4090-a811-796cd2e3f74d,0.9980098368563506
532b92df-c942-4cad-a15e-16cbf59b646e,5,863d9d14-1a90-40a7-b63c-47584475e275,0.9997970137833023
b89f3424-3663-46bc-9d93-7ede7b3e5b4c,5,ac8d1062-de72-4e91-a86d-90adc410601e,0.9994535443024375
0dce2285-75d9-4cf5-a878-e6da7bf16eb9,5,488b77b6-1b4d-441e-b62e-44a986e246e2,0.9988473220731777
7c2b5305-1c6e-490d-bdd8-79a13060d789,5,185906d6-1bd4-492a-be0e-5a2264bd6a65,0.999644871054731
26c6da2b-8ff2-4d3d-a1e5-7dd6e2c293f3,5,1db37e73-bf88-4283-b92f-2c6c14be3b9b,0.9995945971029996
b4cb68d0-c710-45ab-bcde-3aa2348ce45b,5,a8ecf3bf-8146-493f-8859-6eb1f9a576eb,0.9999682313627238
26ab3269-4046-4be1-9a41-8ba709f64ca8,5,260012ac-5bd6-4eae-b9bc-96f7e58f9d97,0.9996785750274867
5cc83920-92e9-43e8-a3e8-1ed4e8b9add8,5,22e6c4a0-4f7e-41df-9fc4-0e78cb617ecc,0.9997491621151452
d87b333b-b061-48d5-82f6-d7a373268fc7,5,4ff8cc91-5ebb-44c6-bd3b-54bf36cf426e,0.9993363192215332
f3304ff5-72f0-471a-8776-a9b4c2b05526,5,dd3e9897-5149-418c-922b-1ea210276896,0.999355091296507
c70dd0a4-9418-4c3c-b51b-4ad93dfdb4db,5,8ad948f2-b4f9-4ac0-b2c8-5a6519624100,0.9997984322502418
21dbeb56-c559-4ff7-81fe-bdf1f6f4f90d,5,b0e1526e-e8ad-4e07-a400-3274d3dd31fa,0.9997023669887549
0849b1de-0526-45c8-8d6b-82f5aac5e7f0,5,3585f42c-47d9-486c-9259-4a22947abf7b,0.9993605793824538
4b1518b9-8fd1-4c2f-a2bf-0df3ffac34cc,5,9a9f29ad-4ae9-4d7c-8c16-f1a8f05431af,0.9998479531045343
7e0d66f4-6c23-470e-84d7-66d0d07cf9ab,5,d0872ff1-10c5-4356-89b1-ea1de5b47347,0.9999315548438632
51c2841c-a47f-4729-87ad-846712845d26,5,185906d6-1bd4-492a-be0e-5a2264bd6a65,0.9996043975030267
4edc274f-0a7b-4781-b615-d3b88902840d,5,9d23c728-3197-417e-a413-8260ee72cd22,0.9998052196003995
dfef2916-eec8-4b74-baa1-382151bfb2a4,5,86a592b1-da42-4ae0-bdf6-a4a6deea7ca3,0.9992951806012589
dd4832bb-47ff-493b-aefe-fd3e945f301e,5,362abb86-6b02-4c10-8972-886c72bd8c0e,0.9997737856444278
37f17b36-b7ad-4476-8522-356d4c9d35f9,5,e4d50964-088b-41ae-9069-2877cbcc8c9e,0.9993564963864778
7ffa5a1c-a2a0-4844-938a-59bba484bfde,5,bdba076c-236f-4ea7-94e8-54ad3f355ecd,0.9994464171572859
fd0133b3-b95e-4eb5-9599-b0aa3c8280b7,5,4ff8cc91-5ebb-44c6-bd3b-54bf36cf426e,0.9990999801698223
99665530-ea43-49f5-a677-c74d4ea2afbd,5,9e7c76f7-4608-4efe-9aff-aca74f201e3f,0.9997208306831855
e1c0270b-bbb9-4e25-b584-2887b4641d0e,5,2ccc91ff-45fd-4f87-b9ff-39579cf94d40,0.9996981447554845
914d47f6-dd26-4588-9103-7cfe6eaea20c,5,9c6b79c8-7c99-4d96-9db5-a13c58f4b1c2,0.9997042977253942
5632b902-09f1-486f-ae1d-ecc188dede6e,5,8290e7bb-6165-457e-98f8-c530beccfd1e,0.999801705531266
9d0a25b7-1810-4218-b52a-323a49e25015,5,185906d6-1bd4-492a-be0e-5a2264bd6a65,0.9991301816755007
3077288a-605e-489b-a3dc-ce008e15243c,5,4532fc28-e72e-4223-a949-8a151f63d8b8,0.999770819147776
52c3fa15-d7db-4225-8889-44859f7f1d8f,5,da18891a-7b0c-4e8b-9def-34dfc214aa89,0.9998482874462761
b43acaaa-6770-4950-a58c-01d7175d1703,5,c3f467da-a231-4a6a-8252-ae21b8045410,0.9706721595905408
105fe1d5-53f7-479b-bb52-234a7fcf2ec9,5,a293b0d6-397a-4b36-a505-ee64c92511fd,0.9971013019974788
30aa4dc6-0b55-4788-973f-128f65d84e02,5,a6d1e9c7-7807-42c5-a77b-d3e01e4d380d,0.9995052462279347
b0e7b1b6-cfff-42d9-bd71-de8dd6b123d3,5,7c0ceed5-84dd-42bb-96fd-6c6a2356884c,0.9998394580706124
31c7098d-62be-430e-b099-aa0cf2fa22c6,5,963dc3fb-855e-4196-b7ae-ebdcc210fcbc,0.9993917551642301
0caf0d3f-443f-443d-ad03-5f9b67ac2c36,5,83d972d4-c640-4113-88ac-0653f042e39f,0.9953235404859402
dfb42ee4-0a88-496d-b856-62c3194de693,5,3af1e851-9ab9-454a-8952-def31b89a547,0.9968501235351738
b095127d-5114-4600-9bc5-68daae217122,5,646ac08f-b397-4dc8-9c2d-abbf1fa50f3f,0.9998267909304485
96ffa77b-df2c-40cd-835c-a7b39861d5eb,5,409b75ef-e095-4008-b658-8de018ac91eb,0.9961053937766193
d181bf40-61d4-41a6-ae5f-1b042fa6f0f1,5,0758dd12-9477-489f-8efc-81ecf75a19be,0.8371006787125357
a9f1f6ac-a683-4b40-9446-7e55235fb1e6,5,426549a7-ed70-4bd1-ae35-d2d65a9eb8e8,0.9996380222559949
50a7a2e8-2c84-4871-ad1e-5cbe219d0bee,5,ca233f99-2dd6-480c-ae13-7b6b64d7e0c9,0.9997065627567243
ede250d6-e1e3-4c9d-85c2-683fa12361cb,5,4f44a715-6459-45ba-9567-b2e270ec8c52,0.9974975613597521
1af81cf6-b79b-4ed8-8165-93fcec6cfebf,5,dd3e9897-5149-418c-922b-1ea210276896,0.9997207168660899
baccff15-bf82-4277-be2a-3cbc34c3f8a0,5,09605986-f21e-47cb-8ded-178a40b6eeaf,0.9998894416534532
d456c3db-cc10-4c85-a5a3-0d6523d8b34c,5,5d44acaa-ed9b-40ed-a754-3a2a53357045,0.9994377374483339
330ab787-ebb3-4e14-bffb-f4202384bf6e,5,590d5448-26d5-45a2-885a-2f35beb0d893,0.9989957260491
82285135-7101-4869-b1ee-4ddfd37d5c27,5,488b77b6-1b4d-441e-b62e-44a986e246e2,0.9995064149769661
b6b8404f-7016-4c37-ba40-2311562c757b,5,b5bf5763-3ef7-4784-8b79-8be67b9b566a,0.9938629696059758
5a81e9ed-dc60-4b4d-8157-8772ccbe1540,5,40f41694-49ef-4f70-8e1b-eec98219bb6e,0.9998009476124248
5d671e16-3775-4969-921a-2e5713c642cb,5,dd3e9897-5149-418c-922b-1ea210276896,0.9995742136244763
01cb9dff-bc66-4283-a348-ef7fdd3d95ff,5,33be38df-064b-4699-aff8-e34188aa7d5d,0.9953318938038958
631dff66-4f16-4c84-a422-e2a63838516d,5,029ca629-1f7e-47e5-bb75-253e5454f9c5,0.999815729545567
62b2a31c-4232-428f-ae21-1bbcee3d149a,5,39777095-8efa-472f-b6ed-66cf78fdb7a2,0.9998190543266585
00c6539c-8172-4960-a556-17bce7144913,5,1462e497-f063-43c6-871d-bcc5da73386f,0.9996145401012169
9c0b6d78-18e5-4040-9d1b-cb2ab9667aa6,5,2e4f09c1-9586-4536-8c24-6a1bc0e2362f,0.996545179590574
2719c315-34dc-4ce6-8446-dc081c7a03cc,5,69182072-3383-48f9-a289-7a8f644fd4f4,0.999865877436389
8da5f9be-5877-4c8f-9bf2-bea2e495e8ac,5,09605986-f21e-47cb-8ded-178a40b6eeaf,0.9999734395691338
c3a6aeee-db7a-4cca-8c90-a072bbc0944f,5,39463144-0fcf-48ac-9530-a607cf0f8620,0.9992368623596807
1b57f919-5a06-4796-81d8-914fa8695f92,5,1b980967-61c7-4448-a4d4-2fd138b9b334,0.9938895379128081
d8f5b9a2-1930-4ca9-acf2-20af883c26c0,5,cf5f81bf-7cf4-4e11-b6a2-752ce2a7d24c,0.9997253811050819
c20ce72d-519c-429a-8f35-09fd27d7bd3f,5,c3160d47-6107-46ad-b8db-9c606a92488c,0.9998540160651819
844b9efd-8092-41e7-bc7f-46baecdfbf8c,5,9cbf7ac0-1bc1-4261-b429-04e75bf53b1a,0.9995498640043764
7d1a6a65-b134-455f-a814-a495556aa2c3,5,b360dd1c-e8d6-4988-b22b-4f30ffd98ab3,0.9983853666998275
17d9c1a8-ba94-4acb-9084-63b626b9b49c,5,e744423d-5578-43fb-8b96-5d10f64dec81,0.9997939953813046
2deb9011-ba6a-4e7d-8fe9-c05d17b4b31d,5,283c6b39-684c-412a-b725-5102578e9118,0.999871621792424
993b4d27-6852-4585-b2df-4d1c22c8f22f,5,eee912cc-7f4a-4e2f-8e32-be67ad39af81,0.9998005700508685
0fd57aac-0298-4580-a0a9-f4bbf078b7c3,5,b27e4fa7-6242-4839-80c5-83b5e3632fbf,0.9999617779842178
977002f8-44e2-473e-8eb3-567b04278b6e,5,2d4bc953-6457-4b79-bf3b-eec2dfb823ef,0.9998831153548384
afbcff67-68c5-4e27-8aa6-de3896f59549,5,2d4bc953-6457-4b79-bf3b-eec2dfb823ef,0.9996965091276863
04737505-8eae-4abc-95b0-18b285b7a894,5,c92f8fcd-007c-4b52-ac5f-997230712084,0.9996130714076804
8da9658b-d7f6-4a43-b4c3-48ce1b363471,5,ae58ea92-a833-4852-bb63-75e5e411a5fc,0.9998896156111511
377f10b8-5f21-4823-af06-3f080a35a9a4,5,f74d3659-0d32-498c-85e8-ec511325c5bf,0.999572743962424
bd49fd3d-3394-4df6-83a0-ac429b876920,5,f74d3659-0d32-498c-85e8-ec511325c5bf,0.9994406294252562
be47d3a5-f961-4b85-a3f8-61b57fd640fc,5,5a1583db-b37d-4073-81b3-8481f3459494,0.9998209330425264
53789c43-ec4d-401c-b978-e10e29043f6e,5,5a1583db-b37d-4073-81b3-8481f3459494,0.9997804777657788
976ebe2c-5e94-41d7-8baa-f351eb69ef37,5,db5ce623-80f1-4396-bab1-abe9f9eb7775,0.9998436044968325
e2ae914d-c6ea-4ba0-bccb-3545aee6ca54,5,a741c2de-d560-4333-bcc5-d1f1fbdda0e7,0.9996127679295133
31fc31c5-a650-4d20-abd2-52be303eb1f1,5,3e040d67-017d-46dc-a2b6-f7b29e019a7a,0.9995449977622004
5c31277c-2917-4601-8e77-eb81b294cbad,5,4f44a715-6459-45ba-9567-b2e270ec8c52,0.9981879821381373
1e01822a-743c-4b06-8509-e08328f635ec,5,a8429498-755a-4fae-aa78-72ca6175ca5c,0.9994516110869704
a8910384-5755-414d-8b40-4de3f141afda,5,9df3ffcf-f5b9-4d2f-b9b4-848d2ee57871,0.9999056948405083
b69b84c5-fc7e-4ff6-abae-88ab05151cc0,5,029ca629-1f7e-47e5-bb75-253e5454f9c5,0.9999058934207179
2c7cedfa-0c2b-4102-874f-d6fe9e2a987f,5,4532fc28-e72e-4223-a949-8a151f63d8b8,0.9995352936193813
6860dbe1-cf0a-4214-ab56-5363463b8ff5,5,321b3dce-afa6-48d5-805c-da7a234c6a5b,0.9995758424102033
748e0375-02e1-41d8-8b9a-044098c4ce76,5,e758b90a-0912-4a98-8fde-c65a8684612a,0.9996827101420396
2da0f639-e4d4-40f3-97af-f0990bc4e779,5,c92f8fcd-007c-4b52-ac5f-997230712084,0.9997426103492018
bd48459e-8afb-4514-aa93-c172536733ad,5,ee26bbce-94ac-449e-b63a-d58e8e4cbdd1,0.9999085605212624
ca221218-67ba-43e9-a2fb-4dd094e8dc53,5,4e2d9971-d67b-40a9-8d9f-deaa16064e88,0.9995025197344467
f25fa815-9ef2-4370-acec-348bc9b92fb4,5,c685e8a8-a7cf-42a0-91dd-1583f136805f,0.9997998071885522
06b959c4-a501-4a4a-9f66-77f3e6d62b27,5,9a9f29ad-4ae9-4d7c-8c16-f1a8f05431af,0.9998899606193652
10c0e97c-07ee-42d3-bc88-7b18c0135219,5,362abb86-6b02-4c10-8972-886c72bd8c0e,0.9998609753741308
0772d9f4-2954-47bb-a84b-1e2c6a19bf2d,5,1b980967-61c7-4448-a4d4-2fd138b9b334,0.9551937995961033
0c2e134a-783a-4e10-b2dd-25e080e53476,5,7eee2807-1c01-4df1-b1d7-25136c03ba27,0.9997869456472259
d379e2e2-4072-4cba-8caa-29e7fc581a6e,5,3df2ea0e-b5e0-460e-8459-77fadaacca0f,0.994367525532035
73367897-4d98-43fe-9b60-41036ed05812,5,c92f8fcd-007c-4b52-ac5f-997230712084,0.9995369503865227
379ddf19-fd8a-45ff-ae2a-ac98760644c3,5,306e6f04-61d2-4263-ad84-fbb727a4fd8d,0.9999017356793335
96b47fc9-d000-4820-9acf-ca48dedfcad9,5,13378367-d3ba-4fb1-bbf0-bcb3dce8ee1a,0.9985593212338328
87e9b5f7-d1df-4222-82d6-7b71b4934678,5,e726e49b-6e02-45d8-a4b5-93bcecfcf24c,0.9993494325745289
dbb7dc7b-f9c0-492d-a22f-9710a8c12bf8,5,e16aaa11-c6a3-43dd-bca0-5168fa45b129,0.9999199890239785
cd273cc6-f693-4ace-8034-c6e4cb3af02b,5,39777095-8efa-472f-b6ed-66cf78fdb7a2,0.9996773129597112
203ae8b9-8598-41bb-80a1-6f55e3256d50,5,af98db6b-2eca-4ac1-9e92-bb1c586c6060,0.9997245057457707
3cff1504-507a-48cd-9ea3-8961eb7b28bd,5,a4937049-d499-4020-b61e-afb99a3bfd64,0.9990623911393415
a6f31d9f-7c94-4003-ba9c-098f7c8c6985,5,cf5f81bf-7cf4-4e11-b6a2-752ce2a7d24c,0.9995247210904729
5581ebf2-1e67-4b73-a61c-5138e6b56573,5,cc38ef1b-c8e3-4f68-b733-1fba87db1a18,0.9994910791919787
95d3ff5e-c948-40a5-a243-e8425074e81d,5,da18891a-7b0c-4e8b-9def-34dfc214aa89,0.9998130492905839
c4bb686d-8e7f-457c-b4db-08f8df22ce97,5,eee912cc-7f4a-4e2f-8e32-be67ad39af81,0.9997984620990992
35ad19b4-f31e-4586-a49c-c2399b14ea4e,5,c92f8fcd-007c-4b52-ac5f-997230712084,0.9994134874143863
ab070ceb-d669-409a-b303-5dc83da70405,5,c3f467da-a231-4a6a-8252-ae21b8045410,0.9606495549035285
13319e10-1ff1-4ee6-85ac-367d95089944,5,44fda926-4d22-4826-8939-7d4ef61bb1ab,0.9998741869534966
91579f0f-7ab5-4a67-81cc-37cb2c8f94d1,5,8290e7bb-6165-457e-98f8-c530beccfd1e,0.9997432739824941
5e15a877-98e7-42c8-a9ae-2a45d9154820,5,cd25538a-8d5e-4b63-ac55-589cae16f6f8,0.9999345811568823
6efb0985-c969-4de9-9f11-0792ecb837b1,5,1db37e73-bf88-4283-b92f-2c6c14be3b9b,0.9999527084719542
c33b874a-d880-43a8-b708-9f7854863891,5,2e4f09c1-9586-4536-8c24-6a1bc0e2362f,0.9947201399031234
6875b804-3adc-425d-afd7-940d9ed197d6,5,9e7c76f7-4608-4efe-9aff-aca74f201e3f,0.9994816944334093
33bf1f52-4f00-4068-b241-8a04019c34ac,5,185906d6-1bd4-492a-be0e-5a2264bd6a65,0.9997023896409043
60f1cf73-cb12-4730-9e9c-adb39184bdb4,5,0209d8c6-c98d-44f6-8b09-50e6d71c06a0,0.9998583743914122
a4086046-f1a5-4b3a-a551-e9120d8a3b1c,5,b2d6025f-5ecc-47c0-b86f-e4dda9f3cf4c,0.9997583378867287
267b590b-5f70-4326-ab1c-c456d1e75c4d,5,c92f8fcd-007c-4b52-ac5f-997230712084,0.9994301868672564
9da975ef-a18d-435d-bd04-80e25346f7f3,5,d7a52b7a-b08e-4a13-bfa8-6e440ec7bada,0.9998947720381486
991ef93a-319a-4e6d-bf11-1e00fda8b08a,5,221e91a2-fc99-4f29-90c2-ce8b518ae037,0.9999571690213264
771d95e0-0917-4d42-8d10-c256a8b9d308,5,8290e7bb-6165-457e-98f8-c530beccfd1e,0.9997688662583286
231729ae-94c2-4b8b-b12c-766cc58c1300,5,9f1c98af-7bac-4161-9b9d-ae183a9bf55a,0.9993499239303194
c2cadf66-1716-4529-b496-13d75e1f63d0,5,9134cc6c-b31c-494c-8932-0047375b707e,0.9999568288843634
cd15f3ae-0cac-4d8a-afe6-eb1d9df551bf,5,99e3bf94-dc3c-437e-8bf4-8d9bd6b704a6,0.9987441164710715
13a2887d-ff18-46af-84eb-dcb41d670339,5,0973cd6f-70ec-4749-a62a-064f85acab8f,0.9977357294887663
da35666a-3db9-47c3-9e55-2f632d04d155,5,2d554059-781b-416c-936b-3363911175e9,0.9992133077280999
d9d600c6-b841-4479-a37d-dbec6619d563,5,5a6b553a-2d53-4c73-8eb6-31b80616cd66,0.9995756870037225
afd7a0c9-5055-44c1-88d4-3c01032dce62,5,b2d6025f-5ecc-47c0-b86f-e4dda9f3cf4c,0.998874275488848
a0599776-b801-4b81-9562-8e1f7dfc641a,5,39463144-0fcf-48ac-9530-a607cf0f8620,0.9996900923038822
96c5e1dd-35b2-4869-b3d1-19e6f07f924d,5,db5ce623-80f1-4396-bab1-abe9f9eb7775,0.9991495182061036
9c945c34-ef8f-4306-8a11-db2bd99fa2a5,5,dd3e9897-5149-418c-922b-1ea210276896,0.9997765176695311
1f6429cf-4dce-43e4-a720-bd40b2cfbde4,5,c92f8fcd-007c-4b52-ac5f-997230712084,0.999617963171547
4cab8d12-cda4-4c8f-a379-28ca7bb9b106,5,9e3f64ad-b1f2-4d6b-98a9-01cb0c98bdd6,0.9988902538104514
33760247-a8ff-495d-8750-7f0eba1b5a44,5,7a3ff03c-395b-4b75-ad31-149542581fd0,0.9997687027901656
e5392882-c805-42d0-bbc7-726393d75cc5,5,af98db6b-2eca-4ac1-9e92-bb1c586c6060,0.9997790937063303
3e3aebad-41b1-47c1-8c28-f38187fe8e7b,5,9f1c98af-7bac-4161-9b9d-ae183a9bf55a,0.999408182413708
738da998-8499-459c-8cea-243f212244d3,5,cf5f81bf-7cf4-4e11-b6a2-752ce2a7d24c,0.9993356173294983
f7d39afc-47c0-4aae-a416-4e8819236653,5,ae58ea92-a833-4852-bb63-75e5e411a5fc,0.9997965687893733
9f9c4f4f-1ff6-4ecb-a2e5-0a197b86984b,5,029ca629-1f7e-47e5-bb75-253e5454f9c5,0.9999119286213227
7fdefe01-27a8-4524-83aa-6c8796646575,5,c3160d47-6107-46ad-b8db-9c606a92488c,0.9998255429012065
31797d51-c680-401f-9c0b-e464db90de98,5,9c6b79c8-7c99-4d96-9db5-a13c58f4b1c2,0.9996337546408723
4daccc02-d760-4ee7-bc3c-0c93410f5a68,5,22e6c4a0-4f7e-41df-9fc4-0e78cb617ecc,0.9989859669646901
de588d2c-0fb0-4c79-a61e-cf572a4e366c,5,488b77b6-1b4d-441e-b62e-44a986e246e2,0.9997278575016004
b8614683-4402-428f-8119-3bdccfa419ef,5,3df2ea0e-b5e0-460e-8459-77fadaacca0f,0.9960114172828629
8d6ab2bd-f45f-4914-b1b7-7a9a6d98c7bd,5,963dc3fb-855e-4196-b7ae-ebdcc210fcbc,0.9997119309331296
e20fd8d4-1662-4759-a6b2-e4ee952ee440,5,5d44acaa-ed9b-40ed-a754-3a2a53357045,0.999512845541086
2238601d-578f-4a08-bb3e-536ae6bdf0fe,5,4ff8cc91-5ebb-44c6-bd3b-54bf36cf426e,0.9996699927134701
4f7de41e-a917-4312-a60e-98aff0816763,5,9f6f883e-3012-4201-a467-f48d1b242220,0.9992705547959022
81de08d0-5a06-4e66-b294-bb3e1da18d3e,5,7a3ff03c-395b-4b75-ad31-149542581fd0,0.9992637628983192
f78dfa07-401c-4618-8513-8a873e23990a,5,863d9d14-1a90-40a7-b63c-47584475e275,0.9995779022319342
0ce63d0b-acaf-440f-890a-2d24379aa22e,5,16757801-dd9c-4069-a3c0-73ae957822d0,0.999067085828107
0cb8819d-2042-4e91-8e2e-ee46812ca6a5,5,ebbe0590-98e8-4021-9129-827f9ccc4c77,0.9995623615381082
64c13e1c-1e23-4bc8-8d2c-cd2fb0281179,5,09605986-f21e-47cb-8ded-178a40b6eeaf,0.9999669166971519
360fafba-daae-4ea5-ae0b-61c407501121,5,590d5448-26d5-45a2-885a-2f35beb0d893,0.9991235556867967
a78ca509-4d7b-4945-866d-785214832a0c,5,eee912cc-7f4a-4e2f-8e32-be67ad39af81,0.9998407488101839
d218bbcc-91de-4763-b1e7-9de755d403b4,5,69182072-3383-48f9-a289-7a8f644fd4f4,0.9997958831070697
cb9f3e23-711e-49be-8684-8d68ef9f7337,5,4e2d9971-d67b-40a9-8d9f-deaa16064e88,0.9998739661583085
99807d67-59cd-4645-98e7-de32ec6f27af,5,cd25538a-8d5e-4b63-ac55-589cae16f6f8,0.9999525936044323
